Postcode, Earliest Achieveable Weekday Del Time, Saturday, Depot, Area
AB10,16:00,-,296,13
AB11,16:00,-,296,13
AB12,16:00,-,296,13
AB13,16:00,-,296,13
AB14,16:00,-,296,13
AB15,16:00,-,296,13
AB16,16:00,-,296,13
AB21,16:00,-,296,13
AB22,16:00,-,296,13
AB23,16:00,-,296,13
AB24,16:00,-,296,13
AB25,16:00,-,296,13
AB30,2 days,-,296,13
AB31,2 days,-,296,13
AB32,2 days,-,296,13
AB33,2 days,-,296,13
AB34,2 days,-,296,13
AB35,2 days,-,296,13
AB36,2 days,-,97,13
AB37,2 days,-,97,8
AB38,2 days,-,97,8
AB39,2 days,-,296,13
AB41,2 days,-,296,13
AB42,2 days,-,296,13
AB43,2 days,-,296,8
AB44,2 days,-,97,8
AB45,2 days,-,97,8
AB51,2 days,-,296,13
AB52,2 days,-,296,13
AB53,2 days,-,296,13
AB54,2 days,-,296,13
AB55,2 days,-,97,8
AB56,2 days,-,97,8
AL1 ,10:30,10:30,21,0
AL2 ,10:30,10:30,21,0
AL3 ,10:30,10:30,21,0
AL4 ,10:30,10:30,21,0
AL5 ,10:30,10:30,21,0
AL6 ,10:30,10:30,31,0
AL7 ,10:30,10:30,31,0
AL8 ,10:30,10:30,31,0
AL9 ,10:30,10:30,31,0
AL10,10:30,10:30,31,0
B1  ,10:30,10:30,42,0
B2  ,10:30,10:30,42,0
B3  ,10:30,10:30,42,0
B4  ,10:30,10:30,42,0
B5  ,10:30,10:30,42,0
B6  ,10:30,10:30,42,0
B7  ,10:30,10:30,42,0
B8  ,10:30,10:30,42,0
B9  ,10:30,10:30,42,0
B10 ,10:30,10:30,42,0
B11 ,10:30,10:30,42,0
B12 ,10:30,10:30,42,0
B13 ,10:30,10:30,42,0
B14 ,10:30,10:30,42,0
B15 ,10:30,10:30,42,0
B16 ,10:30,10:30,42,0
B17 ,10:30,10:30,42,0
B18 ,10:30,10:30,42,0
B19 ,10:30,10:30,42,0
B20 ,10:30,10:30,42,0
B21 ,10:30,10:30,42,0
B23 ,10:30,10:30,42,0
B24 ,10:30,10:30,42,0
B25 ,10:30,10:30,42,0
B26 ,10:30,10:30,42,0
B27 ,10:30,10:30,42,0
B28 ,10:30,10:30,42,0
B29 ,10:30,10:30,42,0
B30 ,10:30,10:30,42,0
B31 ,10:30,10:30,42,0
B32 ,10:30,10:30,42,0
B33 ,10:30,10:30,42,0
B34 ,10:30,10:30,42,0
B35 ,10:30,10:30,42,0
B36 ,10:30,10:30,42,0
B37 ,10:30,10:30,42,0
B38 ,10:30,10:30,50,0
B40 ,10:30,10:30,42,0
B42 ,10:30,10:30,42,0
B43 ,10:30,10:30,42,0
B44 ,10:30,10:30,42,0
B45 ,10:30,10:30,50,0
B46 ,10:30,10:30,42,0
B47 ,10:30,10:30,50,0
B48 ,10:30,10:30,50,0
B49 ,10:30,10:30,50,0
B50 ,10:30,10:30,50,0
B60 ,10:30,10:30,50,0
B61 ,10:30,10:30,50,0
B62 ,10:30,10:30,42,0
B63 ,10:30,10:30,42,0
B64 ,10:30,10:30,87,0
B65 ,10:30,10:30,87,0
B66 ,10:30,10:30,42,0
B67 ,10:30,10:30,42,0
B68 ,10:30,10:30,42,0
B69 ,10:30,10:30,42,0
B70 ,10:30,10:30,42,0
B71 ,10:30,10:30,42,0
B72 ,10:30,10:30,42,0
B73 ,10:30,10:30,42,0
B74 ,10:30,10:30,42,0
B75 ,10:30,10:30,42,0
B76 ,10:30,10:30,42,0
B77 ,10:30,10:30,42,0
B78 ,10:30,10:30,42,0
B79 ,10:30,10:30,42,0
B80 ,10:30,10:30,50,0
B90 ,10:30,10:30,42,0
B91 ,10:30,10:30,42,0
B92 ,10:30,10:30,42,0
B93 ,10:30,10:30,50,0
B94 ,10:30,10:30,50,0
B95 ,10:30,10:30,50,0
B96 ,10:30,10:30,50,0
B97 ,10:30,10:30,50,0
B98 ,10:30,10:30,50,0
BA1 ,10:30,10:30,93,0
BA2 ,10:30,10:30,93,0
BA3 ,10:30,10:30,93,0
BA4 ,10:30,10:30,93,0
BA5 ,10:30,10:30,93,0
BA6 ,10:30,10:30,93,0
BA7 ,10:30,10:30,93,0
BA8 ,10:30,10:30,93,0
BA9 ,10:30,10:30,93,0
BA10,10:30,10:30,93,0
BA11,10:30,10:30,93,0
BA12,10:30,10:30,93,0
BA13,10:30,10:30,93,0
BA14,10:30,10:30,93,0
BA15,10:30,10:30,93,0
BA16,10:30,10:30,93,0
BA20,10:30,10:30,93,0
BA21,10:30,10:30,93,0
BA22,10:30,10:30,93,0
BB1 ,10:30,10:30,56,0
BB2 ,10:30,10:30,56,0
BB3 ,10:30,10:30,56,0
BB4 ,10:30,10:30,56,0
BB5 ,10:30,10:30,56,0
BB6 ,10:30,10:30,56,0
BB7 ,10:30,10:30,56,0
BB8 ,10:30,10:30,56,0
BB9 ,10:30,10:30,56,0
BB10,10:30,10:30,56,0
BB11,10:30,10:30,56,0
BB12,10:30,10:30,56,0
BB18,10:30,10:30,56,0
BB94,10:30,10:30,56,0
BD1 ,10:30,10:30,57,0
BD2 ,10:30,10:30,57,0
BD3 ,10:30,10:30,57,0
BD4 ,10:30,10:30,57,0
BD5 ,10:30,10:30,57,0
BD6 ,10:30,10:30,57,0
BD7 ,10:30,10:30,57,0
BD8 ,10:30,10:30,57,0
BD9 ,10:30,10:30,57,0
BD10,10:30,10:30,57,0
BD11,10:30,10:30,57,0
BD12,10:30,10:30,57,0
BD13,10:30,10:30,257,0
BD14,10:30,10:30,257,0
BD15,10:30,10:30,257,0
BD16,10:30,10:30,257,0
BD17,10:30,10:30,257,0
BD18,10:30,10:30,257,0
BD19,10:30,10:30,57,0
BD20,10:30,10:30,257,0
BD21,10:30,10:30,257,0
BD22,10:30,10:30,257,0
BD23,10:30,10:30,257,0
BD24,10:30,10:30,257,0
BD97,10:30,10:30,257,0
BD98,10:30,10:30,257,0
BD99,10:30,10:30,57,0
BH1 ,10:30,10:30,299,0
BH2 ,10:30,10:30,299,0
BH3 ,10:30,10:30,299,0
BH4 ,10:30,10:30,299,0
BH5 ,10:30,10:30,299,0
BH6 ,10:30,10:30,299,0
BH7 ,10:30,10:30,299,0
BH8 ,10:30,10:30,299,0
BH9 ,10:30,10:30,299,0
BH10,10:30,10:30,299,0
BH11,10:30,10:30,299,0
BH12,10:30,10:30,299,0
BH13,10:30,10:30,299,0
BH14,10:30,10:30,299,0
BH15,10:30,10:30,299,0
BH16,10:30,10:30,299,0
BH17,10:30,10:30,299,0
BH18,10:30,10:30,299,0
BH19,16:00,16:00,299,0
BH20,16:00,16:00,299,0
BH21,10:30,10:30,299,0
BH22,10:30,10:30,299,0
BH23,10:30,10:30,299,0
BH24,10:30,10:30,299,0
BH25,10:30,10:30,299,0
BH31,10:30,10:30,299,0
BL0 ,10:30,10:30,80,0
BL1 ,10:30,10:30,80,0
BL2 ,10:30,10:30,80,0
BL3 ,10:30,10:30,80,0
BL4 ,10:30,10:30,80,0
BL5 ,10:30,10:30,80,0
BL6 ,10:30,10:30,80,0
BL7 ,10:30,10:30,80,0
BL8 ,10:30,10:30,80,0
BL9 ,10:30,10:30,80,0
BL11,10:30,10:30,80,0
BL78,10:30,10:30,80,0
BN1 ,10:30,10:30,207,0
BN2 ,10:30,10:30,207,0
BN3 ,10:30,10:30,207,0
BN5 ,10:30,10:30,207,0
BN6 ,10:30,10:30,207,0
BN7 ,10:30,10:30,207,0
BN8 ,10:30,10:30,207,0
BN9 ,10:30,10:30,207,0
BN10,10:30,10:30,207,0
BN11,10:30,10:30,207,0
BN12,10:30,10:30,207,0
BN13,10:30,10:30,207,0
BN14,10:30,10:30,207,0
BN15,10:30,10:30,207,0
BN16,10:30,10:30,207,0
BN17,10:30,10:30,207,0
BN18,10:30,10:30,207,0
BN20,10:30,10:30,207,0
BN21,10:30,10:30,207,0
BN22,10:30,10:30,207,0
BN23,10:30,10:30,207,0
BN24,10:30,10:30,207,0
BN25,10:30,10:30,207,0
BN26,10:30,10:30,207,0
BN27,10:30,10:30,207,0
BN41,10:30,10:30,207,0
BN42,10:30,10:30,207,0
BN43,10:30,10:30,207,0
BN44,10:30,10:30,207,0
BN45,10:30,10:30,207,0
BN88,10:30,10:30,207,0
BN99,10:30,10:30,207,0
BR1 ,10:30,10:30,89,0
BR2 ,10:30,10:30,89,0
BR3 ,10:30,10:30,89,0
BR4 ,10:30,10:30,89,0
BR5 ,10:30,10:30,89,0
BR6 ,10:30,10:30,89,0
BR7 ,10:30,10:30,89,0
BR8 ,10:30,10:30,89,0
BS1 ,10:30,10:30,8,0
BS2 ,10:30,10:30,8,0
BS3 ,10:30,10:30,8,0
BS4 ,10:30,10:30,8,0
BS5 ,10:30,10:30,8,0
BS6 ,10:30,10:30,8,0
BS7 ,10:30,10:30,8,0
BS8 ,10:30,10:30,8,0
BS9 ,10:30,10:30,8,0
BS10,10:30,10:30,8,0
BS11,10:30,10:30,8,0
BS12,10:30,10:30,8,0
BS13,10:30,10:30,8,0
BS14,10:30,10:30,8,0
BS15,10:30,10:30,8,0
BS16,10:30,10:30,8,0
BS17,10:30,10:30,8,0
BS18,10:30,10:30,8,0
BS19,10:30,10:30,8,0
BS20,10:30,10:30,8,0
BS21,10:30,10:30,8,0
BS22,10:30,10:30,8,0
BS23,10:30,10:30,8,0
BS24,10:30,10:30,8,0
BS25,10:30,10:30,8,0
BS26,10:30,10:30,8,0
BS27,10:30,10:30,8,0
BS28,10:30,10:30,8,0
BS29,10:30,10:30,8,0
BS30,10:30,10:30,8,0
BS31,10:30,10:30,8,0
BS32,10:30,10:30,8,0
BS34,10:30,10:30,8,0
BS35,10:30,10:30,8,0
BS36,10:30,10:30,8,0
BS37,10:30,10:30,8,0
BS39,10:30,10:30,8,0
BS40,10:30,10:30,8,0
BS41,10:30,10:30,8,0
BS48,10:30,10:30,8,0
BS49,10:30,10:30,8,0
BS98,10:30,10:30,8,0
BS99,10:30,10:30,8,0
BT1 ,2 days,-,167,34
BT2 ,2 days,-,167,34
BT3 ,2 days,-,167,34
BT4 ,2 days,-,167,34
BT5 ,2 days,-,167,34
BT6 ,2 days,-,167,34
BT7 ,2 days,-,167,34
BT8 ,2 days,-,167,34
BT9 ,2 days,-,167,34
BT10,2 days,-,167,34
BT11,2 days,-,167,34
BT12,2 days,-,167,34
BT13,2 days,-,167,34
BT14,2 days,-,167,34
BT15,3 days,-,167,34
BT16,2 days,-,167,34
BT17,2 days,-,167,34
BT18,3 days,-,167,34
BT19,3 days,-,167,34
BT20,3 days,-,167,34
BT21,3 days,-,167,34
BT22,3 days,-,167,34
BT23,3 days,-,167,34
BT24,3 days,-,167,34
BT25,3 days,-,167,34
BT26,3 days,-,167,34
BT27,3 days,-,167,34
BT28,3 days,-,167,34
BT29,3 days,-,167,34
BT30,3 days,-,167,34
BT31,3 days,-,167,34
BT32,3 days,-,167,34
BT33,3 days,-,167,34
BT34,3 days,-,167,34
BT35,3 days,-,167,34
BT36,3 days,-,167,34
BT37,3 days,-,167,34
BT38,3 days,-,167,34
BT39,3 days,-,167,34
BT40,3 days,-,167,34
BT41,3 days,-,167,34
BT42,3 days,-,167,34
BT43,3 days,-,167,34
BT44,3 days,-,167,34
BT45,3 days,-,167,34
BT46,3 days,-,167,34
BT47,3 days,-,167,34
BT48,3 days,-,167,34
BT49,3 days,-,167,34
BT51,3 days,-,167,34
BT52,3 days,-,167,34
BT53,3 days,-,167,34
BT54,3 days,-,167,34
BT55,3 days,-,167,34
BT56,3 days,-,167,34
BT57,3 days,-,167,34
BT60,3 days,-,167,34
BT61,3 days,-,167,34
BT62,3 days,-,167,34
BT63,3 days,-,167,34
BT64,3 days,-,167,34
BT65,3 days,-,167,34
BT66,3 days,-,167,34
BT67,3 days,-,167,34
BT68,3 days,-,167,34
BT69,3 days,-,167,34
BT70,3 days,-,167,34
BT71,3 days,-,167,34
BT74,3 days,-,167,34
BT75,3 days,-,167,34
BT76,3 days,-,167,34
BT77,3 days,-,167,34
BT78,3 days,-,167,34
BT79,3 days,-,167,34
BT80,3 days,-,167,34
BT81,3 days,-,167,34
BT82,3 days,-,167,34
BT92,3 days,-,167,34
BT93,3 days,-,167,34
BT94,3 days,-,167,34
CA1 ,10:30,10:30,58,0
CA2 ,10:30,10:30,58,0
CA3 ,10:30,10:30,58,0
CA4 ,10:30,10:30,58,0
CA5 ,10:30,10:30,58,0
CA6 ,12:00,12:00,58,0
CA7 ,16:00,-,58,0
CA8 ,16:00,-,58,0
CA9 ,16:00,-,58,0
CA10,10:30,10:30,58,0
CA11,10:30,10:30,58,0
CA12,10:30,10:30,58,0
CA13,10:30,10:30,58,0
CA14,10:30,10:30,58,0
CA15,12:00,12:00,58,0
CA16,10:30,10:30,58,0
CA17,16:00,-,58,0
CA18,16:00,-,58,0
CA19,16:00,-,58,0
CA20,16:00,-,58,0
CA21,16:00,-,58,0
CA22,12:00,12:00,58,0
CA23,12:00,12:00,58,0
CA24,12:00,12:00,58,0
CA25,12:00,12:00,58,0
CA26,12:00,12:00,58,0
CA27,12:00,12:00,58,0
CA28,10:30,10:30,58,0
CB1 ,10:30,10:30,32,0
CB2 ,10:30,10:30,32,0
CB3 ,10:30,10:30,32,0
CB4 ,10:30,10:30,32,0
CB5 ,10:30,10:30,32,0
CB6 ,10:30,10:30,32,0
CB7 ,10:30,10:30,32,0
CB8 ,10:30,10:30,32,0
CB9 ,10:30,10:30,32,0
CB10,10:30,10:30,32,0
CB11,10:30,10:30,32,0
CB21,10:30,10:30,32,0
CB22,10:30,10:30,32,0
CB23,10:30,10:30,32,0
CB24,10:30,10:30,32,0
CB25,10:30,10:30,32,0
CF3 ,10:30,10:30,78,0
CF5 ,10:30,10:30,78,0
CF10,10:30,10:30,78,0
CF11,10:30,10:30,78,0
CF14,10:30,10:30,78,0
CF15,10:30,10:30,78,0
CF23,10:30,10:30,78,0
CF24,10:30,10:30,78,0
CF31,10:30,10:30,78,0
CF32,10:30,10:30,78,0
CF33,10:30,10:30,78,0
CF34,10:30,10:30,78,0
CF35,10:30,10:30,78,0
CF36,10:30,10:30,78,0
CF37,10:30,10:30,78,0
CF38,10:30,10:30,78,0
CF39,10:30,10:30,78,0
CF40,10:30,10:30,78,0
CF41,10:30,10:30,78,0
CF42,10:30,10:30,78,0
CF43,10:30,10:30,78,0
CF44,10:30,10:30,78,0
CF45,10:30,10:30,78,0
CF46,10:30,10:30,78,0
CF47,10:30,10:30,78,0
CF48,10:30,10:30,78,0
CF61,10:30,10:30,78,0
CF62,10:30,10:30,78,0
CF63,10:30,10:30,78,0
CF64,10:30,10:30,78,0
CF71,10:30,10:30,78,0
CF72,10:30,10:30,78,0
CF81,10:30,10:30,78,0
CF82,10:30,10:30,78,0
CF83,10:30,10:30,78,0
CF91,10:30,10:30,78,0
CF99,10:30,10:30,78,0
CH1 ,10:30,10:30,82,0
CH2 ,10:30,10:30,82,0
CH3 ,10:30,10:30,82,0
CH4 ,10:30,10:30,82,0
CH5 ,10:30,10:30,82,0
CH6 ,10:30,10:30,82,0
CH7 ,10:30,10:30,82,0
CH8 ,10:30,10:30,82,0
CH41,10:30,10:30,82,0
CH42,10:30,10:30,82,0
CH43,10:30,10:30,82,0
CH44,10:30,10:30,82,0
CH45,10:30,10:30,82,0
CH46,10:30,10:30,82,0
CH47,10:30,10:30,82,0
CH48,10:30,10:30,82,0
CH49,10:30,10:30,82,0
CH60,10:30,10:30,82,0
CH61,10:30,10:30,82,0
CH62,10:30,10:30,82,0
CH63,10:30,10:30,82,0
CH64,10:30,10:30,82,0
CH65,10:30,10:30,82,0
CH66,10:30,10:30,82,0
CH88,10:30,10:30,82,0
CH99,10:30,10:30,82,0
CM0 ,10:30,10:30,233,0
CM1 ,10:30,10:30,233,0
CM2 ,10:30,10:30,233,0
CM3 ,10:30,10:30,233,0
CM4 ,10:30,10:30,33,0
CM5 ,10:30,10:30,33,0
CM6 ,10:30,10:30,233,0
CM7 ,10:30,10:30,233,0
CM8 ,10:30,10:30,233,0
CM9 ,10:30,10:30,233,0
CM11,10:30,10:30,33,0
CM12,10:30,10:30,33,0
CM13,10:30,10:30,33,0
CM14,10:30,10:30,33,0
CM15,10:30,10:30,33,0
CM16,10:30,10:30,33,0
CM17,10:30,10:30,33,0
CM18,10:30,10:30,33,0
CM19,10:30,10:30,33,0
CM20,10:30,10:30,33,0
CM21,10:30,10:30,33,0
CM22,10:30,10:30,33,0
CM23,10:30,10:30,33,0
CM24,10:30,10:30,33,0
CM77,10:30,10:30,233,0
CM92,10:30,10:30,33,0
CM98,10:30,10:30,33,0
CM99,10:30,10:30,33,0
CO1 ,10:30,10:30,20,0
CO2 ,10:30,10:30,20,0
CO3 ,10:30,10:30,20,0
CO4 ,10:30,10:30,20,0
CO5 ,10:30,10:30,20,0
CO6 ,10:30,10:30,20,0
CO7 ,10:30,10:30,20,0
CO8 ,10:30,10:30,20,0
CO9 ,10:30,10:30,20,0
CO10,10:30,10:30,20,0
CO11,10:30,10:30,20,0
CO12,10:30,10:30,20,0
CO13,10:30,10:30,20,0
CO14,10:30,10:30,20,0
CO15,10:30,10:30,20,0
CO16,10:30,10:30,20,0
CR0 ,10:30,10:30,89,0
CR2 ,10:30,10:30,89,0
CR3 ,10:30,10:30,89,0
CR4 ,10:30,10:30,89,0
CR5 ,10:30,10:30,89,0
CR6 ,10:30,10:30,89,0
CR7 ,10:30,10:30,89,0
CR8 ,10:30,10:30,89,0
CR9 ,10:30,10:30,89,0
CT1 ,10:30,10:30,13,0
CT2 ,10:30,10:30,13,0
CT3 ,10:30,10:30,13,0
CT4 ,10:30,10:30,13,0
CT5 ,10:30,10:30,13,0
CT6 ,10:30,10:30,13,0
CT7 ,10:30,10:30,13,0
CT8 ,10:30,10:30,13,0
CT9 ,10:30,10:30,13,0
CT10,10:30,10:30,13,0
CT11,10:30,10:30,13,0
CT12,10:30,10:30,13,0
CT13,10:30,10:30,13,0
CT14,10:30,10:30,13,0
CT15,10:30,10:30,13,0
CT16,10:30,10:30,13,0
CT17,10:30,10:30,13,0
CT18,10:30,10:30,13,0
CT19,10:30,10:30,13,0
CT20,10:30,10:30,13,0
CT21,10:30,10:30,13,0
CV1 ,10:30,10:30,28,0
CV2 ,10:30,10:30,28,0
CV3 ,10:30,10:30,28,0
CV4 ,10:30,10:30,28,0
CV5 ,10:30,10:30,28,0
CV6 ,10:30,10:30,28,0
CV7 ,10:30,10:30,28,0
CV8 ,10:30,10:30,28,0
CV9 ,10:30,10:30,28,0
CV10,10:30,10:30,28,0
CV11,10:30,10:30,28,0
CV12,10:30,10:30,28,0
CV13,10:30,10:30,28,0
CV21,10:30,10:30,28,0
CV22,10:30,10:30,28,0
CV23,10:30,10:30,28,0
CV31,10:30,10:30,28,0
CV32,10:30,10:30,28,0
CV33,10:30,10:30,28,0
CV34,10:30,10:30,28,0
CV35,10:30,10:30,28,0
CV36,10:30,10:30,28,0
CV37,10:30,10:30,28,0
CV47,10:30,10:30,28,0
CW1 ,10:30,10:30,46,0
CW2 ,10:30,10:30,46,0
CW3 ,10:30,10:30,46,0
CW4 ,10:30,10:30,46,0
CW5 ,10:30,10:30,46,0
CW6 ,10:30,10:30,46,0
CW7 ,10:30,10:30,46,0
CW8 ,10:30,10:30,46,0
CW9 ,10:30,10:30,46,0
CW10,10:30,10:30,46,0
CW11,10:30,10:30,46,0
CW12,10:30,10:30,46,0
DA1 ,10:30,10:30,91,0
DA2 ,10:30,10:30,91,0
DA3 ,10:30,10:30,91,0
DA4 ,10:30,10:30,91,0
DA5 ,10:30,10:30,91,0
DA6 ,10:30,10:30,91,0
DA7 ,10:30,10:30,91,0
DA8 ,10:30,10:30,91,0
DA9 ,10:30,10:30,91,0
DA10,10:30,10:30,91,0
DA11,10:30,10:30,91,0
DA12,10:30,10:30,91,0
DA13,10:30,10:30,91,0
DA14,10:30,10:30,91,0
DA15,10:30,10:30,91,0
DA16,10:30,10:30,91,0
DA17,10:30,10:30,91,0
DA18,10:30,10:30,91,0
DD1 ,12:00,12:00,651,17
DD2 ,16:00,-,651,17
DD3 ,16:00,-,651,17
DD4 ,16:00,-,651,17
DD5 ,16:00,-,651,17
DD6 ,16:00,-,651,17
DD7 ,16:00,-,651,17
DD8 ,16:00,-,651,13
DD9 ,16:00,-,651,13
DD10,16:00,-,651,13
DD11,16:00,-,651,13
DE1 ,10:30,10:30,77,0
DE2 ,10:30,10:30,77,0
DE3 ,10:30,10:30,77,0
DE4 ,10:30,10:30,77,0
DE5 ,10:30,10:30,77,0
DE6 ,10:30,10:30,77,0
DE7 ,10:30,10:30,77,0
DE11,10:30,10:30,77,0
DE12,10:30,10:30,77,0
DE13,10:30,10:30,77,0
DE14,10:30,10:30,77,0
DE15,10:30,10:30,77,0
DE21,10:30,10:30,77,0
DE22,10:30,10:30,77,0
DE23,10:30,10:30,77,0
DE24,10:30,10:30,77,0
DE45,10:30,10:30,77,0
DE55,10:30,10:30,77,0
DE56,10:30,10:30,77,0
DE65,10:30,10:30,77,0
DE72,10:30,10:30,77,0
DE73,10:30,10:30,77,0
DE74,10:30,10:30,77,0
DE75,10:30,10:30,77,0
DE99,10:30,10:30,77,0
DG1 ,16:00,12:00,74,15
DG2 ,16:00,12:00,74,15
DG3 ,16:00,12:00,74,15
DG4 ,16:00,12:00,74,15
DG5 ,16:00,12:00,74,15
DG6 ,16:00,12:00,74,15
DG7 ,16:00,12:00,74,15
DG8 ,16:00,12:00,74,15
DG9 ,16:00,12:00,74,15
DG10,16:00,12:00,74,15
DG11,16:00,12:00,74,15
DG12,16:00,12:00,74,15
DG13,16:00,12:00,74,15
DG14,16:00,12:00,74,15
DG16,16:00,12:00,74,15
DH1 ,10:30,10:30,60,0
DH2 ,10:30,10:30,60,0
DH3 ,10:30,10:30,60,0
DH4 ,10:30,10:30,60,0
DH5 ,10:30,10:30,60,0
DH6 ,10:30,10:30,60,0
DH7 ,10:30,10:30,60,0
DH8 ,10:30,10:30,60,0
DH9 ,10:30,10:30,60,0
DH97,10:30,10:30,60,0
DH98,10:30,10:30,60,0
DH99,10:30,10:30,60,0
DL1 ,10:30,10:30,90,0
DL2 ,10:30,10:30,90,0
DL3 ,10:30,10:30,90,0
DL4 ,10:30,10:30,90,0
DL5 ,10:30,10:30,90,0
DL6 ,10:30,10:30,90,0
DL7 ,10:30,10:30,90,0
DL8 ,10:30,10:30,90,0
DL9 ,10:30,10:30,90,0
DL10,10:30,10:30,90,0
DL11,10:30,10:30,90,0
DL12,10:30,10:30,90,0
DL13,10:30,10:30,90,0
DL14,10:30,10:30,90,0
DL15,10:30,10:30,90,0
DL16,10:30,10:30,90,0
DL17,10:30,10:30,90,0
DN1 ,10:30,10:30,49,0
DN2 ,10:30,10:30,49,0
DN3 ,10:30,10:30,49,0
DN4 ,10:30,10:30,49,0
DN5 ,10:30,10:30,49,0
DN6 ,10:30,10:30,49,0
DN7 ,10:30,10:30,49,0
DN8 ,10:30,10:30,49,0
DN9 ,10:30,10:30,49,0
DN10,10:30,10:30,49,0
DN11,10:30,10:30,49,0
DN12,10:30,10:30,49,0
DN14,10:30,10:30,49,0
DN15,10:30,10:30,49,0
DN16,10:30,10:30,49,0
DN17,10:30,10:30,49,0
DN18,10:30,10:30,49,0
DN19,10:30,10:30,49,0
DN20,10:30,10:30,49,0
DN21,10:30,10:30,49,0
DN22,10:30,10:30,49,0
DN31,10:30,10:30,49,0
DN32,10:30,10:30,49,0
DN33,10:30,10:30,49,0
DN34,10:30,10:30,49,0
DN35,10:30,10:30,49,0
DN36,10:30,10:30,49,0
DN37,10:30,10:30,49,0
DN38,10:30,10:30,49,0
DN39,10:30,10:30,49,0
DN40,10:30,10:30,49,0
DN41,10:30,10:30,49,0
DT1 ,16:00,16:00,299,0
DT2 ,16:00,16:00,299,0
DT3 ,16:00,16:00,299,0
DT4 ,16:00,16:00,299,0
DT5 ,16:00,16:00,299,0
DT6 ,16:00,16:00,2,0
DT7 ,10:30,10:30,2,0
DT8 ,16:00,16:00,2,0
DT9 ,16:00,16:00,299,0
DT10,16:00,16:00,299,0
DT11,16:00,16:00,299,0
DY1 ,10:30,10:30,87,0
DY2 ,10:30,10:30,87,0
DY3 ,10:30,10:30,87,0
DY4 ,10:30,10:30,87,0
DY5 ,10:30,10:30,87,0
DY6 ,10:30,10:30,87,0
DY7 ,10:30,10:30,87,0
DY8 ,10:30,10:30,87,0
DY9 ,10:30,10:30,87,0
DY10,10:30,10:30,87,0
DY11,10:30,10:30,87,0
DY12,10:30,10:30,87,0
DY13,10:30,10:30,87,0
DY14,10:30,10:30,87,0
E1  ,10:30,10:30,64,0
E2  ,10:30,10:30,64,0
E3  ,10:30,10:30,64,0
E4  ,10:30,10:30,19,0
E5  ,10:30,10:30,64,0
E6  ,10:30,10:30,64,0
E7  ,10:30,10:30,64,0
E8  ,10:30,10:30,64,0
E9  ,10:30,10:30,64,0
E10 ,10:30,10:30,64,0
E11 ,10:30,10:30,64,0
E12 ,10:30,10:30,64,0
E13 ,10:30,10:30,64,0
E14 ,10:30,10:30,64,0
E15 ,10:30,10:30,64,0
E16 ,10:30,10:30,64,0
E17 ,10:30,10:30,19,0
E18 ,10:30,10:30,19,0
E1W ,10:30,10:30,64,0
E20 ,10:30,10:30,64,0
E22 ,10:30,10:30,64,0
E98 ,10:30,10:30,64,0
EC1A,10:30,10:30,64,0
EC1M,10:30,10:30,64,0
EC1N,10:30,10:30,64,0
EC1P,10:30,10:30,64,0
EC1R,10:30,10:30,64,0
EC1V,10:30,10:30,64,0
EC1Y,10:30,10:30,64,0
EC2A,10:30,10:30,64,0
EC2M,10:30,10:30,64,0
EC2N,10:30,10:30,64,0
EC2P,10:30,10:30,64,0
EC2R,10:30,10:30,64,0
EC2V,10:30,10:30,64,0
EC2Y,10:30,10:30,64,0
EC3A,10:30,10:30,64,0
EC3M,10:30,10:30,64,0
EC3N,10:30,10:30,64,0
EC3P,10:30,10:30,64,0
EC3R,10:30,10:30,64,0
EC3V,10:30,10:30,64,0
EC4A,10:30,10:30,64,0
EC4M,10:30,10:30,64,0
EC4N,10:30,10:30,64,0
EC4P,10:30,10:30,64,0
EC4R,10:30,10:30,64,0
EC4V,10:30,10:30,64,0
EC4Y,10:30,10:30,64,0
EC88,10:30,10:30,64,0
EH1 ,10:30,10:30,175,17
EH2 ,10:30,10:30,175,17
EH3 ,10:30,10:30,175,17
EH4 ,10:30,10:30,175,17
EH5 ,10:30,10:30,175,17
EH6 ,10:30,10:30,175,17
EH7 ,10:30,10:30,175,17
EH8 ,10:30,10:30,175,17
EH9 ,10:30,10:30,175,17
EH10,10:30,10:30,175,17
EH11,10:30,10:30,175,17
EH12,10:30,10:30,175,17
EH13,10:30,10:30,175,17
EH14,10:30,10:30,175,17
EH15,10:30,10:30,175,17
EH16,10:30,10:30,175,17
EH17,10:30,10:30,175,17
EH18,10:30,10:30,175,17
EH19,10:30,10:30,175,17
EH20,10:30,10:30,175,17
EH21,10:30,10:30,175,17
EH22,10:30,10:30,175,17
EH23,12:00,12:00,175,17
EH24,12:00,12:00,175,17
EH25,12:00,12:00,175,17
EH26,10:30,10:30,175,17
EH27,10:30,10:30,175,17
EH28,10:30,10:30,175,17
EH29,10:30,10:30,175,17
EH30,10:30,10:30,175,17
EH31,12:00,12:00,175,17
EH32,12:00,12:00,175,17
EH33,12:00,12:00,175,17
EH34,12:00,12:00,175,17
EH35,12:00,12:00,175,17
EH36,12:00,12:00,175,17
EH37,12:00,12:00,175,17
EH38,12:00,12:00,175,17
EH39,12:00,12:00,175,17
EH40,12:00,12:00,175,17
EH41,12:00,12:00,175,17
EH42,12:00,12:00,175,17
EH43,16:00,-,175,17
EH44,16:00,-,175,17
EH45,16:00,-,175,17
EH46,12:00,12:00,175,17
EH47,12:00,12:00,175,17
EH48,12:00,12:00,175,17
EH49,12:00,12:00,175,17
EH51,12:00,12:00,175,17
EH52,10:30,10:30,175,17
EH53,10:30,10:30,175,17
EH54,10:30,10:30,175,17
EH55,12:00,12:00,175,17
EH91,10:30,10:30,175,17
EH95,10:30,10:30,175,17
EH99,10:30,10:30,175,17
EN1 ,10:30,10:30,33,0
EN2 ,10:30,10:30,33,0
EN3 ,10:30,10:30,19,0
EN4 ,10:30,10:30,12,0
EN5 ,10:30,10:30,12,0
EN6 ,10:30,10:30,31,0
EN7 ,10:30,10:30,33,0
EN8 ,10:30,10:30,33,0
EN9 ,10:30,10:30,33,0
EN10,10:30,10:30,33,0
EN11,10:30,10:30,33,0
EX1 ,10:30,10:30,2,0
EX2 ,10:30,10:30,2,0
EX3 ,10:30,10:30,2,0
EX4 ,10:30,10:30,2,0
EX5 ,10:30,10:30,2,0
EX6 ,10:30,10:30,2,0
EX7 ,16:00,-,1,0
EX8 ,10:30,10:30,2,0
EX9 ,10:30,10:30,2,0
EX10,10:30,10:30,2,0
EX11,10:30,10:30,2,0
EX12,10:30,10:30,2,0
EX13,10:30,10:30,2,0
EX14,10:30,10:30,2,0
EX15,12:00,12:00,2,0
EX16,12:00,12:00,2,0
EX17,10:30,10:30,2,0
EX18,10:30,10:30,3,0
EX19,10:30,10:30,3,0
EX20,10:30,10:30,1,0
EX21,10:30,10:30,1,0
EX22,10:30,10:30,1,0
EX23,12:00,12:00,1,0
EX24,10:30,10:30,2,0
EX31,10:30,10:30,3,0
EX32,10:30,10:30,3,0
EX33,10:30,10:30,3,0
EX34,10:30,10:30,3,0
EX35,10:30,10:30,3,0
EX36,10:30,10:30,3,0
EX37,10:30,10:30,3,0
EX38,10:30,10:30,3,0
EX39,10:30,10:30,3,0
FK1 ,12:00,12:00,175,17
FK2 ,12:00,12:00,175,17
FK3 ,12:00,12:00,175,17
FK4 ,12:00,12:00,175,17
FK5 ,12:00,12:00,175,17
FK6 ,12:00,12:00,175,17
FK7 ,12:00,12:00,175,13
FK8 ,16:00,-,175,13
FK9 ,12:00,12:00,175,13
FK10,12:00,12:00,175,13
FK11,12:00,12:00,175,13
FK12,12:00,12:00,175,13
FK13,12:00,12:00,175,13
FK14,12:00,12:00,175,13
FK15,12:00,12:00,175,13
FK16,12:00,12:00,175,13
FK17,2 days,-,297,13
FK18,2 days,-,297,13
FK19,2 days,-,297,13
FK20,2 days,-,297,13
FK21,2 days,-,297,13
FY0 ,10:30,10:30,56,0
FY1 ,10:30,10:30,56,0
FY2 ,10:30,10:30,56,0
FY3 ,10:30,10:30,56,0
FY4 ,10:30,10:30,56,0
FY5 ,10:30,10:30,56,0
FY6 ,10:30,10:30,56,0
FY7 ,10:30,10:30,56,0
FY8 ,10:30,10:30,56,0
G1  ,12:00,12:00,66,17
G2  ,12:00,12:00,66,17
G3  ,12:00,12:00,66,17
G4  ,12:00,12:00,66,17
G5  ,12:00,12:00,66,17
G9  ,12:00,12:00,66,17
G11 ,12:00,12:00,66,17
G12 ,12:00,12:00,66,17
G13 ,12:00,12:00,66,17
G14 ,12:00,12:00,66,17
G15 ,12:00,12:00,66,17
G20 ,12:00,12:00,66,17
G21 ,12:00,12:00,66,17
G22 ,12:00,12:00,66,17
G23 ,12:00,12:00,66,17
G31 ,10:30,10:30,85,17
G32 ,10:30,10:30,85,17
G33 ,10:30,10:30,85,17
G34 ,10:30,10:30,85,17
G40 ,12:00,12:00,66,17
G41 ,12:00,12:00,66,17
G42 ,10:30,10:30,85,17
G43 ,10:30,10:30,85,17
G44 ,10:30,10:30,85,17
G45 ,10:30,10:30,85,17
G46 ,10:30,10:30,85,17
G51 ,10:30,10:30,86,17
G52 ,10:30,10:30,86,17
G53 ,10:30,10:30,86,17
G58 ,10:30,10:30,86,17
G59 ,12:00,12:00,66,17
G60 ,12:00,12:00,66,17
G61 ,12:00,12:00,66,17
G62 ,12:00,12:00,66,17
G63 ,12:00,-,66,17
G64 ,12:00,12:00,66,17
G65 ,12:00,12:00,66,17
G66 ,12:00,12:00,66,17
G67 ,12:00,12:00,66,17
G68 ,12:00,12:00,66,17
G69 ,10:30,10:30,85,17
G70 ,12:00,12:00,66,17
G71 ,10:30,10:30,85,17
G72 ,10:30,10:30,85,17
G73 ,10:30,10:30,85,17
G74 ,10:30,10:30,85,17
G75 ,10:30,10:30,85,17
G76 ,10:30,10:30,85,17
G77 ,10:30,10:30,85,17
G78 ,10:30,10:30,86,17
G79 ,10:30,10:30,85,17
G80 ,10:30,10:30,85,17
G81 ,12:00,12:00,66,17
G82 ,12:00,12:00,66,17
G83 ,12:00,-,66,17
G84 ,12:00,-,66,17
GL1 ,16:00,-,45,0
GL2 ,16:00,-,45,0
GL3 ,10:30,10:30,24,0
GL4 ,10:30,10:30,24,0
GL5 ,10:30,10:30,14,0
GL6 ,10:30,10:30,14,0
GL7 ,10:30,10:30,36,0
GL8 ,10:30,10:30,14,0
GL9 ,10:30,10:30,14,0
GL10,12:00,12:00,8,0
GL11,12:00,12:00,8,0
GL12,12:00,12:00,8,0
GL13,12:00,12:00,8,0
GL14,16:00,-,45,0
GL15,16:00,-,45,0
GL16,16:00,-,45,0
GL17,16:00,-,45,0
GL18,12:00,12:00,27,0
GL19,12:00,12:00,27,0
GL20,10:30,10:30,24,0
GL50,10:30,10:30,24,0
GL51,10:30,10:30,24,0
GL52,10:30,10:30,24,0
GL53,10:30,10:30,24,0
GL54,10:30,10:30,24,0
GL55,10:30,10:30,24,0
GL56,10:30,10:30,24,0
GU1 ,10:30,10:30,311,0
GU2 ,10:30,10:30,311,0
GU3 ,10:30,10:30,311,0
GU4 ,10:30,10:30,311,0
GU5 ,12:00,12:00,7,0
GU6 ,12:00,12:00,7,0
GU7 ,10:30,10:30,7,0
GU8 ,12:00,12:00,7,0
GU9 ,10:30,10:30,7,0
GU10,10:30,10:30,7,0
GU11,10:30,10:30,7,0
GU12,10:30,10:30,7,0
GU13,10:30,10:30,7,0
GU14,10:30,10:30,7,0
GU15,10:30,10:30,7,0
GU16,10:30,10:30,7,0
GU17,10:30,10:30,7,0
GU18,10:30,10:30,7,0
GU19,10:30,10:30,7,0
GU20,10:30,10:30,7,0
GU21,10:30,10:30,311,0
GU22,10:30,10:30,311,0
GU23,10:30,10:30,311,0
GU24,10:30,10:30,7,0
GU25,10:30,10:30,311,0
GU26,10:30,10:30,7,0
GU27,10:30,10:30,7,0
GU28,12:00,12:00,7,0
GU29,10:30,10:30,7,0
GU30,10:30,10:30,7,0
GU31,10:30,10:30,7,0
GU32,10:30,10:30,7,0
GU33,10:30,10:30,7,0
GU34,10:30,10:30,7,0
GU35,10:30,10:30,7,0
GU46,10:30,10:30,7,0
GU47,10:30,10:30,7,0
GU51,10:30,10:30,7,0
GU52,10:30,10:30,7,0
GU95,10:30,10:30,7,0
GY1 ,3 days,16:00,269,9
GY2 ,3 days,16:00,269,9
GY3 ,3 days,16:00,269,9
GY4 ,3 days,16:00,269,9
GY5 ,3 days,16:00,269,9
GY6 ,3 days,16:00,269,9
GY7 ,3 days,16:00,269,9
GY8 ,3 days,16:00,269,9
GY9 ,5 days,-,269,19
GY10,5 days,-,269,19
HA0 ,10:30,10:30,81,0
HA1 ,10:30,10:30,81,0
HA2 ,10:30,10:30,81,0
HA3 ,10:30,10:30,81,0
HA4 ,10:30,10:30,81,0
HA5 ,10:30,10:30,81,0
HA6 ,10:30,10:30,81,0
HA7 ,10:30,10:30,81,0
HA8 ,10:30,10:30,81,0
HA9 ,10:30,10:30,81,0
HD1 ,10:30,10:30,79,0
HD2 ,10:30,10:30,79,0
HD3 ,10:30,10:30,79,0
HD4 ,10:30,10:30,79,0
HD5 ,10:30,10:30,79,0
HD6 ,10:30,10:30,79,0
HD7 ,10:30,10:30,79,0
HD8 ,10:30,10:30,79,0
HD9 ,10:30,10:30,79,0
HG1 ,10:30,10:30,57,0
HG2 ,10:30,10:30,57,0
HG3 ,10:30,10:30,57,0
HG4 ,10:30,10:30,57,0
HG5 ,10:30,10:30,57,0
HP1 ,10:30,10:30,23,0
HP2 ,10:30,10:30,23,0
HP3 ,10:30,10:30,23,0
HP4 ,10:30,10:30,23,0
HP5 ,10:30,10:30,23,0
HP6 ,10:30,10:30,23,0
HP7 ,10:30,10:30,23,0
HP8 ,10:30,10:30,23,0
HP9 ,10:30,10:30,23,0
HP10,10:30,10:30,23,0
HP11,10:30,10:30,23,0
HP12,10:30,10:30,23,0
HP13,10:30,10:30,23,0
HP14,10:30,10:30,23,0
HP15,10:30,10:30,23,0
HP16,10:30,10:30,23,0
HP17,10:30,10:30,23,0
HP18,10:30,10:30,23,0
HP19,10:30,10:30,23,0
HP20,10:30,10:30,23,0
HP21,10:30,10:30,23,0
HP22,10:30,10:30,23,0
HP23,10:30,10:30,23,0
HP27,10:30,10:30,23,0
HR1 ,12:00,12:00,27,0
HR2 ,12:00,12:00,27,0
HR3 ,12:00,12:00,27,0
HR4 ,12:00,12:00,27,0
HR5 ,12:00,12:00,27,0
HR6 ,12:00,12:00,27,0
HR7 ,12:00,12:00,27,0
HR8 ,12:00,12:00,27,0
HR9 ,12:00,12:00,27,0
HS1 ,3 days,-,97,8
HS2 ,3 days,-,97,8
HS3 ,3 days,-,97,8
HS4 ,3 days,-,97,8
HS5 ,3 days,-,97,8
HS6 ,5 days,-,97,8
HS7 ,5 days,-,97,8
HS8 ,5 days,-,97,8
HS9 ,5 days,-,97,8
HU1 ,10:30,10:30,51,0
HU2 ,10:30,10:30,51,0
HU3 ,10:30,10:30,51,0
HU4 ,10:30,10:30,51,0
HU5 ,10:30,10:30,51,0
HU6 ,10:30,10:30,51,0
HU7 ,10:30,10:30,51,0
HU8 ,10:30,10:30,51,0
HU9 ,10:30,10:30,51,0
HU10,10:30,10:30,51,0
HU11,10:30,10:30,51,0
HU12,10:30,10:30,51,0
HU13,10:30,10:30,51,0
HU14,10:30,10:30,51,0
HU15,10:30,10:30,51,0
HU16,10:30,10:30,51,0
HU17,10:30,10:30,51,0
HU18,10:30,10:30,51,0
HU19,10:30,10:30,51,0
HU20,10:30,10:30,51,0
HX1 ,10:30,10:30,79,0
HX2 ,10:30,10:30,79,0
HX3 ,10:30,10:30,79,0
HX4 ,10:30,10:30,79,0
HX5 ,10:30,10:30,79,0
HX6 ,10:30,10:30,79,0
HX7 ,10:30,10:30,79,0
IG1 ,10:30,10:30,19,0
IG2 ,10:30,10:30,19,0
IG3 ,10:30,10:30,19,0
IG4 ,10:30,10:30,19,0
IG5 ,10:30,10:30,19,0
IG6 ,10:30,10:30,19,0
IG7 ,10:30,10:30,19,0
IG8 ,10:30,10:30,19,0
IG9 ,10:30,10:30,19,0
IG10,10:30,10:30,19,0
IG11,10:30,10:30,19,0
IM1 ,2 days,-,211,5
IM2 ,2 days,-,211,5
IM3 ,2 days,-,211,5
IM4 ,2 days,-,211,5
IM5 ,2 days,-,211,5
IM6 ,2 days,-,211,5
IM7 ,2 days,-,211,5
IM8 ,2 days,-,211,5
IM9 ,2 days,-,211,5
IM86,2 days,-,211,5
IM87,2 days,-,211,5
IM99,2 days,-,211,5
IP1 ,10:30,10:30,73,0
IP2 ,10:30,10:30,73,0
IP3 ,10:30,10:30,73,0
IP4 ,10:30,10:30,73,0
IP5 ,10:30,10:30,73,0
IP6 ,10:30,10:30,73,0
IP7 ,10:30,10:30,73,0
IP8 ,10:30,10:30,73,0
IP9 ,10:30,10:30,73,0
IP10,10:30,10:30,73,0
IP11,10:30,10:30,73,0
IP12,10:30,10:30,73,0
IP13,10:30,10:30,73,0
IP14,10:30,10:30,73,0
IP15,10:30,10:30,73,0
IP16,10:30,10:30,73,0
IP17,10:30,10:30,73,0
IP18,10:30,10:30,73,0
IP19,10:30,10:30,73,0
IP20,10:30,10:30,43,0
IP21,10:30,10:30,43,0
IP22,10:30,10:30,43,0
IP23,10:30,10:30,43,0
IP24,10:30,10:30,43,0
IP25,10:30,10:30,43,0
IP26,10:30,10:30,43,0
IP27,10:30,10:30,43,0
IP28,10:30,10:30,43,0
IP29,10:30,10:30,43,0
IP30,10:30,10:30,43,0
IP31,10:30,10:30,43,0
IP32,10:30,10:30,43,0
IP33,10:30,10:30,43,0
IP98,10:30,10:30,43,0
IV1 ,2 days,-,97,13
IV2 ,2 days,-,97,13
IV3 ,2 days,-,97,13
IV4 ,2 days,-,97,13
IV5 ,2 days,-,97,13
IV6 ,2 days,-,97,13
IV7 ,2 days,-,97,13
IV8 ,2 days,-,97,13
IV9 ,2 days,-,97,13
IV10,2 days,-,97,13
IV11,2 days,-,97,13
IV12,2 days,-,97,13
IV13,2 days,-,97,13
IV14,2 days,-,97,13
IV15,2 days,-,97,13
IV16,2 days,-,97,13
IV17,2 days,-,97,13
IV18,2 days,-,97,13
IV19,2 days,-,97,13
IV20,2 days,-,97,13
IV21,2 days,-,97,8
IV22,2 days,-,97,8
IV23,2 days,-,97,13
IV24,2 days,-,97,13
IV25,2 days,-,97,13
IV26,2 days,-,97,8
IV27,2 days,-,97,8
IV28,2 days,-,97,8
IV30,2 days,-,97,13
IV31,2 days,-,97,13
IV32,2 days,-,97,13
IV36,2 days,-,97,13
IV40,2 days,-,97,8
IV41,2 days,-,97,8
IV42,2 days,-,97,8
IV43,2 days,-,97,8
IV44,2 days,-,97,8
IV45,2 days,-,97,8
IV46,3 days,-,97,8
IV47,3 days,-,97,8
IV48,3 days,-,97,8
IV49,3 days,-,97,8
IV51,3 days,-,97,8
IV52,3 days,-,97,8
IV53,3 days,-,97,8
IV54,3 days,-,97,8
IV55,3 days,-,97,8
IV56,3 days,-,97,8
IV63,2 days,-,97,13
JE1 ,3 days,16:00,269,9
JE2 ,3 days,16:00,269,9
JE3 ,3 days,16:00,269,9
JE4 ,3 days,16:00,269,9
JE5 ,3 days,16:00,269,9
KA1 ,10:30,10:30,274,17
KA2 ,10:30,10:30,274,17
KA3 ,10:30,10:30,274,17
KA4 ,10:30,10:30,274,17
KA5 ,16:00,12:00,274,12
KA6 ,16:00,-,274,12
KA7 ,16:00,12:00,274,12
KA8 ,10:30,10:30,274,17
KA9 ,10:30,10:30,274,17
KA10,10:30,10:30,274,17
KA11,10:30,10:30,274,17
KA12,10:30,10:30,274,17
KA13,10:30,10:30,274,17
KA14,10:30,10:30,274,17
KA15,10:30,10:30,274,17
KA16,10:30,10:30,274,17
KA17,10:30,10:30,274,17
KA18,16:00,-,274,12
KA19,16:00,-,274,12
KA20,10:30,10:30,274,17
KA21,10:30,10:30,274,17
KA22,10:30,10:30,274,17
KA23,12:00,12:00,274,17
KA24,12:00,12:00,274,17
KA25,12:00,12:00,274,17
KA26,16:00,-,274,12
KA27,5 days,-,297,8
KA28,5 days,-,297,8
KA29,12:00,12:00,274,17
KA30,12:00,12:00,274,17
KT1 ,10:30,10:30,265,0
KT2 ,10:30,10:30,265,0
KT3 ,10:30,10:30,265,0
KT4 ,10:30,10:30,265,0
KT5 ,10:30,10:30,265,0
KT6 ,10:30,10:30,265,0
KT7 ,10:30,10:30,311,0
KT8 ,10:30,10:30,311,0
KT9 ,10:30,10:30,265,0
KT10,10:30,10:30,311,0
KT11,10:30,10:30,311,0
KT12,10:30,10:30,311,0
KT13,10:30,10:30,311,0
KT14,10:30,10:30,311,0
KT15,10:30,10:30,311,0
KT16,10:30,10:30,311,0
KT17,10:30,10:30,265,0
KT18,10:30,10:30,265,0
KT19,10:30,10:30,265,0
KT20,10:30,10:30,265,0
KT21,10:30,10:30,265,0
KT22,10:30,10:30,265,0
KT23,10:30,10:30,265,0
KT24,10:30,10:30,265,0
KW1 ,2 days,-,97,8
KW2 ,2 days,-,97,8
KW3 ,2 days,-,97,8
KW5 ,2 days,-,97,8
KW6 ,2 days,-,97,8
KW7 ,2 days,-,97,8
KW8 ,2 days,-,97,8
KW9 ,2 days,-,97,8
KW10,2 days,-,97,8
KW11,2 days,-,97,8
KW12,2 days,-,97,8
KW13,2 days,-,97,8
KW14,2 days,-,97,8
KW15,5 days,-,97,8
KW16,5 days,-,97,8
KW17,5 days,-,97,8
KY1 ,12:00,12:00,651,17
KY2 ,12:00,12:00,651,17
KY3 ,12:00,12:00,651,17
KY4 ,16:00,-,651,17
KY5 ,12:00,12:00,651,17
KY6 ,12:00,12:00,651,17
KY7 ,12:00,12:00,651,17
KY8 ,12:00,12:00,651,17
KY9 ,16:00,-,651,17
KY10,16:00,-,651,17
KY11,16:00,-,651,17
KY12,16:00,-,651,17
KY13,16:00,-,651,17
KY14,12:00,12:00,651,17
KY15,12:00,12:00,651,17
KY16,16:00,-,651,17
KY99,16:00,-,651,13
L1  ,10:30,10:30,52,0
L2  ,10:30,10:30,52,0
L3  ,10:30,10:30,52,0
L4  ,10:30,10:30,52,0
L5  ,10:30,10:30,52,0
L6  ,10:30,10:30,52,0
L7  ,10:30,10:30,52,0
L8  ,10:30,10:30,52,0
L9  ,10:30,10:30,52,0
L10 ,10:30,10:30,52,0
L11 ,10:30,10:30,52,0
L12 ,10:30,10:30,52,0
L13 ,10:30,10:30,52,0
L14 ,10:30,10:30,52,0
L15 ,10:30,10:30,52,0
L16 ,10:30,10:30,52,0
L17 ,10:30,10:30,52,0
L18 ,10:30,10:30,52,0
L19 ,10:30,10:30,52,0
L20 ,10:30,10:30,52,0
L21 ,10:30,10:30,52,0
L22 ,10:30,10:30,52,0
L23 ,10:30,10:30,52,0
L24 ,10:30,10:30,52,0
L25 ,10:30,10:30,52,0
L26 ,10:30,10:30,52,0
L27 ,10:30,10:30,52,0
L28 ,10:30,10:30,52,0
L29 ,10:30,10:30,52,0
L30 ,10:30,10:30,52,0
L31 ,10:30,10:30,52,0
L32 ,10:30,10:30,52,0
L33 ,10:30,10:30,52,0
L34 ,10:30,10:30,52,0
L35 ,10:30,10:30,52,0
L36 ,10:30,10:30,52,0
L37 ,10:30,10:30,52,0
L38 ,10:30,10:30,52,0
L39 ,10:30,10:30,52,0
L40 ,10:30,10:30,52,0
L67 ,10:30,10:30,52,0
L68 ,10:30,10:30,52,0
L69 ,10:30,10:30,52,0
L70 ,10:30,10:30,52,0
L71 ,10:30,10:30,52,0
L72 ,10:30,10:30,52,0
L73 ,10:30,10:30,52,0
L74 ,10:30,10:30,52,0
L75 ,10:30,10:30,52,0
LA1 ,10:30,10:30,56,0
LA2 ,10:30,10:30,56,0
LA3 ,10:30,10:30,56,0
LA4 ,10:30,10:30,56,0
LA5 ,10:30,10:30,56,0
LA6 ,10:30,10:30,56,0
LA7 ,10:30,10:30,58,0
LA8 ,12:00,12:00,58,0
LA9 ,10:30,10:30,58,0
LA10,16:00,-,58,0
LA11,10:30,10:30,58,0
LA12,10:30,10:30,58,0
LA13,12:00,12:00,58,0
LA14,10:30,10:30,58,0
LA15,12:00,12:00,58,0
LA16,12:00,12:00,58,0
LA17,16:00,-,58,0
LA18,16:00,-,58,0
LA19,16:00,-,58,0
LA20,16:00,-,58,0
LA21,16:00,-,58,0
LA22,10:30,10:30,58,0
LA23,10:30,10:30,58,0
LD1 ,10:30,10:30,226,0
LD2 ,10:30,10:30,226,0
LD3 ,12:00,12:00,226,0
LD4 ,12:00,12:00,226,0
LD5 ,12:00,12:00,226,0
LD6 ,12:00,12:00,226,0
LD7 ,12:00,12:00,226,0
LD8 ,12:00,12:00,226,0
LE1 ,10:30,10:30,37,0
LE2 ,10:30,10:30,37,0
LE3 ,10:30,10:30,37,0
LE4 ,10:30,10:30,37,0
LE5 ,10:30,10:30,37,0
LE6 ,10:30,10:30,37,0
LE7 ,10:30,10:30,37,0
LE8 ,10:30,10:30,37,0
LE9 ,10:30,10:30,37,0
LE10,10:30,10:30,37,0
LE11,10:30,10:30,37,0
LE12,10:30,10:30,37,0
LE13,10:30,10:30,37,0
LE14,10:30,10:30,37,0
LE15,10:30,10:30,37,0
LE16,10:30,10:30,37,0
LE17,10:30,10:30,37,0
LE18,10:30,10:30,37,0
LE19,10:30,10:30,37,0
LE55,10:30,10:30,37,0
LE65,10:30,10:30,77,0
LE67,10:30,10:30,37,0
LE87,10:30,10:30,37,0
LE94,10:30,10:30,37,0
LL11,10:30,10:30,82,0
LL12,10:30,10:30,82,0
LL13,10:30,10:30,82,0
LL14,10:30,10:30,82,0
LL15,12:00,12:00,82,0
LL16,12:00,12:00,82,0
LL17,12:00,12:00,82,0
LL18,12:00,12:00,82,0
LL19,12:00,12:00,82,0
LL20,10:30,10:30,82,0
LL21,12:00,12:00,82,0
LL22,12:00,12:00,241,0
LL23,12:00,12:00,241,0
LL24,12:00,12:00,241,0
LL25,12:00,12:00,241,0
LL26,12:00,12:00,241,0
LL27,12:00,12:00,241,0
LL28,12:00,12:00,241,0
LL29,12:00,12:00,241,0
LL30,12:00,12:00,241,0
LL31,12:00,12:00,241,0
LL32,12:00,12:00,241,0
LL33,12:00,12:00,241,0
LL34,12:00,12:00,241,0
LL35,12:00,12:00,241,0
LL36,12:00,12:00,241,0
LL37,12:00,12:00,241,0
LL38,12:00,12:00,241,0
LL39,12:00,12:00,241,0
LL40,12:00,12:00,241,0
LL41,12:00,12:00,241,0
LL42,12:00,12:00,241,0
LL43,12:00,12:00,241,0
LL44,12:00,12:00,241,0
LL45,12:00,12:00,241,0
LL46,12:00,12:00,241,0
LL47,12:00,12:00,241,0
LL48,12:00,12:00,241,0
LL49,12:00,12:00,241,0
LL51,12:00,12:00,241,0
LL52,12:00,12:00,241,0
LL53,12:00,12:00,241,0
LL54,12:00,12:00,241,0
LL55,12:00,12:00,241,0
LL56,12:00,12:00,241,0
LL57,12:00,12:00,241,0
LL58,12:00,12:00,241,0
LL59,12:00,12:00,241,0
LL60,12:00,12:00,241,0
LL61,12:00,12:00,241,0
LL62,12:00,12:00,241,0
LL63,12:00,12:00,241,0
LL64,12:00,12:00,241,0
LL65,12:00,12:00,241,0
LL66,12:00,12:00,241,0
LL67,12:00,12:00,241,0
LL68,12:00,12:00,241,0
LL69,12:00,12:00,241,0
LL70,12:00,12:00,241,0
LL71,12:00,12:00,241,0
LL72,12:00,12:00,241,0
LL73,12:00,12:00,241,0
LL74,12:00,12:00,241,0
LL75,12:00,12:00,241,0
LL76,12:00,12:00,241,0
LL77,12:00,12:00,241,0
LL78,12:00,12:00,241,0
LN1 ,10:30,10:30,39,0
LN2 ,10:30,10:30,39,0
LN3 ,10:30,10:30,39,0
LN4 ,10:30,10:30,39,0
LN5 ,10:30,10:30,39,0
LN6 ,10:30,10:30,39,0
LN7 ,10:30,10:30,49,0
LN8 ,12:00,12:00,39,0
LN9 ,12:00,12:00,39,0
LN10,12:00,12:00,39,0
LN11,12:00,12:00,39,0
LN12,12:00,12:00,39,0
LN13,12:00,12:00,39,0
LS1 ,10:30,10:30,255,0
LS2 ,10:30,10:30,255,0
LS3 ,10:30,10:30,255,0
LS4 ,10:30,10:30,255,0
LS5 ,10:30,10:30,255,0
LS6 ,10:30,10:30,255,0
LS7 ,10:30,10:30,255,0
LS8 ,10:30,10:30,255,0
LS9 ,10:30,10:30,255,0
LS10,10:30,10:30,255,0
LS11,10:30,10:30,255,0
LS12,10:30,10:30,255,0
LS13,10:30,10:30,255,0
LS14,10:30,10:30,255,0
LS15,10:30,10:30,255,0
LS16,10:30,10:30,255,0
LS17,10:30,10:30,255,0
LS18,10:30,10:30,255,0
LS19,10:30,10:30,255,0
LS20,10:30,10:30,255,0
LS21,10:30,10:30,255,0
LS22,10:30,10:30,255,0
LS23,10:30,10:30,255,0
LS24,10:30,10:30,255,0
LS25,10:30,10:30,255,0
LS26,10:30,10:30,255,0
LS27,10:30,10:30,255,0
LS28,10:30,10:30,255,0
LS29,10:30,10:30,255,0
LS88,10:30,10:30,255,0
LS98,10:30,10:30,255,0
LU1 ,10:30,10:30,21,0
LU2 ,10:30,10:30,21,0
LU3 ,10:30,10:30,21,0
LU4 ,10:30,10:30,21,0
LU5 ,10:30,10:30,21,0
LU6 ,10:30,10:30,21,0
LU7 ,10:30,10:30,21,0
M1  ,10:30,10:30,53,0
M2  ,10:30,10:30,53,0
M3  ,16:00,16:00,53,0
M4  ,10:30,10:30,53,0
M5  ,10:30,10:30,53,0
M6  ,10:30,10:30,53,0
M7  ,10:30,10:30,53,0
M8  ,10:30,10:30,53,0
M9  ,10:30,10:30,53,0
M11 ,10:30,10:30,53,0
M12 ,10:30,10:30,53,0
M13 ,10:30,10:30,53,0
M14 ,10:30,10:30,53,0
M15 ,10:30,10:30,53,0
M16 ,10:30,10:30,53,0
M17 ,10:30,10:30,53,0
M18 ,10:30,10:30,53,0
M19 ,10:30,10:30,53,0
M20 ,10:30,10:30,53,0
M21 ,10:30,10:30,53,0
M22 ,10:30,10:30,53,0
M23 ,10:30,10:30,53,0
M24 ,10:30,10:30,53,0
M25 ,10:30,10:30,53,0
M26 ,10:30,10:30,53,0
M27 ,10:30,10:30,53,0
M28 ,10:30,10:30,53,0
M29 ,10:30,10:30,53,0
M30 ,10:30,10:30,53,0
M31 ,10:30,10:30,53,0
M32 ,10:30,10:30,53,0
M33 ,10:30,10:30,53,0
M34 ,10:30,10:30,53,0
M35 ,10:30,10:30,53,0
M38 ,10:30,10:30,53,0
M40 ,10:30,10:30,53,0
M41 ,10:30,10:30,53,0
M43 ,10:30,10:30,53,0
M44 ,10:30,10:30,53,0
M45 ,10:30,10:30,53,0
M46 ,10:30,10:30,53,0
M50 ,10:30,10:30,53,0
M60 ,10:30,10:30,53,0
M90 ,10:30,10:30,53,0
M99 ,10:30,10:30,53,0
ME1 ,10:30,10:30,91,0
ME2 ,10:30,10:30,91,0
ME3 ,10:30,10:30,91,0
ME4 ,10:30,10:30,91,0
ME5 ,10:30,10:30,91,0
ME6 ,10:30,10:30,91,0
ME7 ,10:30,10:30,91,0
ME8 ,10:30,10:30,91,0
ME9 ,10:30,10:30,91,0
ME10,10:30,10:30,91,0
ME11,10:30,10:30,91,0
ME12,10:30,10:30,91,0
ME13,10:30,10:30,13,0
ME14,10:30,10:30,91,0
ME15,10:30,10:30,92,0
ME16,10:30,10:30,91,0
ME17,10:30,10:30,92,0
ME18,10:30,10:30,91,0
ME19,10:30,10:30,91,0
ME20,10:30,10:30,91,0
MK1 ,10:30,10:30,30,0
MK2 ,10:30,10:30,30,0
MK3 ,10:30,10:30,30,0
MK4 ,10:30,10:30,30,0
MK5 ,10:30,10:30,30,0
MK6 ,10:30,10:30,30,0
MK7 ,10:30,10:30,30,0
MK8 ,10:30,10:30,30,0
MK9 ,10:30,10:30,30,0
MK10,10:30,10:30,30,0
MK11,10:30,10:30,30,0
MK12,10:30,10:30,30,0
MK13,10:30,10:30,30,0
MK14,10:30,10:30,30,0
MK15,10:30,10:30,30,0
MK16,10:30,10:30,30,0
MK17,10:30,10:30,30,0
MK18,10:30,10:30,30,0
MK19,10:30,10:30,30,0
MK40,10:30,10:30,30,0
MK41,10:30,10:30,30,0
MK42,10:30,10:30,30,0
MK43,10:30,10:30,30,0
MK44,10:30,10:30,30,0
MK45,10:30,10:30,30,0
MK46,10:30,10:30,30,0
ML1 ,10:30,10:30,85,17
ML2 ,10:30,10:30,85,17
ML3 ,10:30,10:30,85,17
ML4 ,10:30,10:30,85,17
ML5 ,10:30,10:30,85,17
ML6 ,10:30,10:30,85,17
ML7 ,10:30,10:30,85,17
ML8 ,10:30,10:30,85,17
ML9 ,10:30,10:30,85,17
ML10,10:30,10:30,85,17
ML11,10:30,10:30,85,17
ML12,16:00,-,85,17
N1  ,10:30,10:30,64,0
N2  ,10:30,10:30,64,0
N3  ,10:30,10:30,19,0
N4  ,10:30,10:30,64,0
N5  ,10:30,10:30,64,0
N6  ,10:30,10:30,64,0
N7  ,10:30,10:30,64,0
N8  ,10:30,10:30,64,0
N9  ,10:30,10:30,19,0
N10 ,10:30,10:30,64,0
N11 ,10:30,10:30,19,0
N12 ,10:30,10:30,19,0
N13 ,10:30,10:30,19,0
N14 ,10:30,10:30,19,0
N15 ,10:30,10:30,19,0
N16 ,10:30,10:30,64,0
N17 ,10:30,10:30,19,0
N18 ,10:30,10:30,19,0
N19 ,10:30,10:30,64,0
N1C ,10:30,10:30,64,0
N1P ,10:30,10:30,64,0
N20 ,10:30,10:30,19,0
N21 ,10:30,10:30,19,0
N22 ,10:30,10:30,64,0
NE1 ,10:30,10:30,60,0
NE2 ,10:30,10:30,60,0
NE3 ,10:30,10:30,60,0
NE4 ,10:30,10:30,60,0
NE5 ,10:30,10:30,60,0
NE6 ,10:30,10:30,60,0
NE7 ,10:30,10:30,60,0
NE8 ,10:30,10:30,60,0
NE9 ,10:30,10:30,60,0
NE10,10:30,10:30,60,0
NE11,10:30,10:30,60,0
NE12,10:30,10:30,60,0
NE13,10:30,10:30,60,0
NE15,10:30,10:30,60,0
NE16,10:30,10:30,60,0
NE17,10:30,10:30,60,0
NE18,10:30,10:30,60,0
NE19,12:00,12:00,60,0
NE20,10:30,10:30,60,0
NE21,10:30,10:30,60,0
NE22,10:30,10:30,60,0
NE23,10:30,10:30,60,0
NE24,10:30,10:30,60,0
NE25,10:30,10:30,60,0
NE26,10:30,10:30,60,0
NE27,10:30,10:30,60,0
NE28,10:30,10:30,60,0
NE29,10:30,10:30,60,0
NE30,10:30,10:30,60,0
NE31,10:30,10:30,60,0
NE32,10:30,10:30,60,0
NE33,10:30,10:30,60,0
NE34,10:30,10:30,60,0
NE35,10:30,10:30,60,0
NE36,10:30,10:30,60,0
NE37,10:30,10:30,60,0
NE38,10:30,10:30,60,0
NE39,10:30,10:30,60,0
NE40,10:30,10:30,60,0
NE41,10:30,10:30,60,0
NE42,10:30,10:30,60,0
NE43,10:30,10:30,60,0
NE44,10:30,10:30,60,0
NE45,10:30,10:30,60,0
NE46,16:00,16:00,60,0
NE47,16:00,16:00,60,0
NE48,16:00,16:00,60,0
NE49,16:00,16:00,60,0
NE61,12:00,12:00,60,0
NE62,10:30,10:30,60,0
NE63,10:30,10:30,60,0
NE64,10:30,10:30,60,0
NE65,12:00,12:00,60,0
NE66,12:00,12:00,60,0
NE67,12:00,12:00,60,0
NE68,12:00,12:00,60,0
NE69,12:00,12:00,60,0
NE70,12:00,12:00,60,0
NE71,12:00,12:00,60,0
NE82,10:30,10:30,60,0
NE85,10:30,10:30,60,0
NE88,10:30,10:30,60,0
NE92,10:30,10:30,60,0
NE98,10:30,10:30,60,0
NE99,10:30,10:30,60,0
NG1 ,10:30,10:30,77,0
NG2 ,10:30,10:30,77,0
NG3 ,10:30,10:30,77,0
NG4 ,10:30,10:30,77,0
NG5 ,10:30,10:30,48,0
NG6 ,10:30,10:30,48,0
NG7 ,10:30,10:30,77,0
NG8 ,10:30,10:30,77,0
NG9 ,10:30,10:30,77,0
NG10,10:30,10:30,77,0
NG11,10:30,10:30,77,0
NG12,10:30,10:30,77,0
NG13,10:30,10:30,77,0
NG14,10:30,10:30,77,0
NG15,10:30,10:30,48,0
NG16,10:30,10:30,48,0
NG17,10:30,10:30,48,0
NG18,10:30,10:30,48,0
NG19,10:30,10:30,48,0
NG20,10:30,10:30,48,0
NG21,10:30,10:30,48,0
NG22,10:30,10:30,39,0
NG23,10:30,10:30,39,0
NG24,10:30,10:30,39,0
NG25,10:30,10:30,39,0
NG31,12:00,12:00,39,0
NG32,12:00,12:00,39,0
NG33,12:00,12:00,39,0
NG34,12:00,12:00,39,0
NG80,10:30,10:30,77,0
NG90,10:30,10:30,77,0
NN1 ,10:30,10:30,29,0
NN2 ,10:30,10:30,29,0
NN3 ,10:30,10:30,29,0
NN4 ,10:30,10:30,29,0
NN5 ,10:30,10:30,29,0
NN6 ,10:30,10:30,29,0
NN7 ,10:30,10:30,29,0
NN8 ,10:30,10:30,29,0
NN9 ,10:30,10:30,29,0
NN10,10:30,10:30,29,0
NN11,10:30,10:30,29,0
NN12,10:30,10:30,29,0
NN13,10:30,10:30,29,0
NN14,10:30,10:30,29,0
NN15,10:30,10:30,29,0
NN16,10:30,10:30,29,0
NN17,10:30,10:30,29,0
NN18,10:30,10:30,29,0
NN29,10:30,10:30,29,0
NN99,10:30,10:30,29,0
NP4 ,10:30,10:30,227,0
NP7 ,10:30,10:30,227,0
NP8 ,10:30,10:30,227,0
NP10,10:30,10:30,227,0
NP11,10:30,10:30,227,0
NP12,10:30,10:30,227,0
NP13,10:30,10:30,227,0
NP15,10:30,10:30,227,0
NP16,10:30,10:30,227,0
NP18,10:30,10:30,227,0
NP19,10:30,10:30,227,0
NP20,10:30,10:30,227,0
NP22,10:30,10:30,227,0
NP23,10:30,10:30,227,0
NP24,10:30,10:30,227,0
NP25,10:30,10:30,227,0
NP26,10:30,10:30,227,0
NP44,10:30,10:30,227,0
NR1 ,10:30,10:30,40,0
NR2 ,10:30,10:30,40,0
NR3 ,10:30,10:30,40,0
NR4 ,10:30,10:30,40,0
NR5 ,10:30,10:30,40,0
NR6 ,10:30,10:30,40,0
NR7 ,10:30,10:30,40,0
NR8 ,10:30,10:30,40,0
NR9 ,10:30,10:30,40,0
NR10,10:30,10:30,40,0
NR11,12:00,12:00,40,0
NR12,10:30,10:30,40,0
NR13,10:30,10:30,40,0
NR14,10:30,10:30,40,0
NR15,10:30,10:30,40,0
NR16,10:30,10:30,40,0
NR17,10:30,10:30,40,0
NR18,10:30,10:30,40,0
NR19,10:30,10:30,40,0
NR20,10:30,10:30,40,0
NR21,12:00,12:00,40,0
NR22,12:00,12:00,40,0
NR23,12:00,12:00,40,0
NR24,12:00,12:00,40,0
NR25,12:00,12:00,40,0
NR26,12:00,12:00,40,0
NR27,12:00,12:00,40,0
NR28,10:30,10:30,40,0
NR29,10:30,10:30,40,0
NR30,10:30,10:30,40,0
NR31,10:30,10:30,40,0
NR32,10:30,10:30,40,0
NR33,10:30,10:30,40,0
NR34,10:30,10:30,40,0
NR35,10:30,10:30,40,0
NW1 ,10:30,10:30,81,0
NW2 ,10:30,10:30,81,0
NW3 ,10:30,10:30,81,0
NW4 ,10:30,10:30,81,0
NW5 ,10:30,10:30,81,0
NW6 ,10:30,10:30,81,0
NW7 ,10:30,10:30,81,0
NW8 ,10:30,10:30,81,0
NW9 ,10:30,10:30,81,0
NW10,10:30,10:30,81,0
NW11,10:30,10:30,81,0
NW1W,10:30,10:30,81,0
OL1 ,10:30,10:30,295,0
OL2 ,10:30,10:30,295,0
OL3 ,10:30,10:30,295,0
OL4 ,10:30,10:30,295,0
OL5 ,10:30,10:30,47,0
OL6 ,10:30,10:30,47,0
OL7 ,10:30,10:30,47,0
OL8 ,10:30,10:30,295,0
OL9 ,10:30,10:30,295,0
OL10,10:30,10:30,295,0
OL11,10:30,10:30,295,0
OL12,10:30,10:30,295,0
OL13,10:30,10:30,295,0
OL14,10:30,10:30,295,0
OL15,10:30,10:30,295,0
OL16,10:30,10:30,295,0
OX1 ,10:30,10:30,15,0
OX2 ,10:30,10:30,15,0
OX3 ,10:30,10:30,15,0
OX4 ,10:30,10:30,15,0
OX5 ,10:30,10:30,15,0
OX6 ,10:30,10:30,15,0
OX7 ,10:30,10:30,36,0
OX8 ,10:30,10:30,36,0
OX9 ,10:30,10:30,36,0
OX10,10:30,10:30,36,0
OX11,10:30,10:30,36,0
OX12,10:30,10:30,36,0
OX13,10:30,10:30,36,0
OX14,10:30,10:30,36,0
OX15,10:30,10:30,15,0
OX16,10:30,10:30,15,0
OX17,10:30,10:30,15,0
OX18,10:30,10:30,36,0
OX20,10:30,10:30,36,0
OX25,10:30,10:30,15,0
OX26,10:30,10:30,15,0
OX27,10:30,10:30,15,0
OX28,10:30,10:30,36,0
OX29,10:30,10:30,36,0
OX33,10:30,10:30,36,0
OX39,10:30,10:30,36,0
OX44,10:30,10:30,36,0
OX49,10:30,10:30,36,0
PA1 ,10:30,10:30,86,17
PA2 ,10:30,10:30,86,17
PA3 ,10:30,10:30,86,17
PA4 ,10:30,10:30,86,17
PA5 ,10:30,10:30,86,17
PA6 ,10:30,10:30,86,17
PA7 ,10:30,10:30,86,17
PA8 ,10:30,10:30,86,17
PA9 ,10:30,10:30,86,17
PA10,10:30,10:30,86,17
PA11,10:30,10:30,86,17
PA12,10:30,10:30,86,17
PA13,10:30,10:30,86,17
PA14,10:30,10:30,86,17
PA15,10:30,10:30,86,17
PA16,10:30,10:30,86,17
PA17,12:00,12:00,86,17
PA18,12:00,12:00,86,17
PA19,10:30,10:30,86,17
PA20,2 days,-,297,8
PA21,2 days,-,297,13
PA22,2 days,-,297,13
PA23,2 days,-,297,13
PA24,2 days,-,297,13
PA25,2 days,-,297,13
PA26,2 days,-,297,13
PA27,2 days,-,297,13
PA28,2 days,-,297,13
PA29,2 days,-,297,13
PA30,2 days,-,297,13
PA31,2 days,-,297,13
PA32,2 days,-,297,13
PA33,2 days,-,297,13
PA34,2 days,-,297,13
PA35,2 days,-,297,13
PA36,2 days,-,297,13
PA37,2 days,-,297,13
PA38,2 days,-,297,13
PA41,3 days,-,297,8
PA42,3 days,-,297,8
PA43,3 days,-,297,8
PA44,3 days,-,297,8
PA45,3 days,-,297,8
PA46,3 days,-,297,8
PA47,3 days,-,297,8
PA48,3 days,-,297,8
PA49,3 days,-,297,8
PA60,5 days,-,297,8
PA61,3 days,-,297,8
PA62,3 days,-,297,8
PA63,3 days,-,297,8
PA64,3 days,-,297,8
PA65,3 days,-,297,8
PA66,3 days,-,297,8
PA67,3 days,-,297,8
PA68,3 days,-,297,8
PA69,3 days,-,297,8
PA70,3 days,-,297,8
PA71,3 days,-,297,8
PA72,3 days,-,297,8
PA73,3 days,-,297,8
PA74,3 days,-,297,8
PA75,3 days,-,297,8
PA76,5 days,-,297,8
PA77,5 days,-,297,8
PA78,5 days,-,297,8
PA80,3 days,-,97,13
PE1 ,10:30,10:30,38,0
PE2 ,10:30,10:30,38,0
PE3 ,10:30,10:30,38,0
PE4 ,10:30,10:30,38,0
PE5 ,10:30,10:30,38,0
PE6 ,10:30,10:30,38,0
PE7 ,10:30,10:30,38,0
PE8 ,10:30,10:30,38,0
PE9 ,10:30,10:30,38,0
PE10,10:30,10:30,39,0
PE11,10:30,10:30,39,0
PE12,10:30,10:30,39,0
PE13,10:30,10:30,43,0
PE14,10:30,10:30,43,0
PE15,10:30,10:30,38,0
PE16,10:30,10:30,38,0
PE17,10:30,10:30,38,0
PE18,10:30,10:30,38,0
PE19,10:30,10:30,38,0
PE20,12:00,12:00,39,0
PE21,12:00,12:00,39,0
PE22,12:00,12:00,39,0
PE23,12:00,12:00,39,0
PE24,12:00,12:00,39,0
PE25,12:00,12:00,39,0
PE26,10:30,10:30,38,0
PE27,10:30,10:30,38,0
PE28,10:30,10:30,38,0
PE29,10:30,10:30,38,0
PE30,10:30,10:30,43,0
PE31,10:30,10:30,43,0
PE32,10:30,10:30,43,0
PE33,10:30,10:30,43,0
PE34,10:30,10:30,43,0
PE35,10:30,10:30,43,0
PE36,10:30,10:30,43,0
PE37,10:30,10:30,43,0
PE38,10:30,10:30,43,0
PH1 ,16:00,-,651,17
PH2 ,16:00,-,651,17
PH3 ,16:00,-,651,13
PH4 ,16:00,-,651,13
PH5 ,16:00,-,651,13
PH6 ,16:00,-,651,13
PH7 ,16:00,-,651,13
PH8 ,16:00,-,651,13
PH9 ,16:00,-,651,13
PH10,16:00,-,651,13
PH11,16:00,-,651,13
PH12,16:00,-,651,13
PH13,16:00,-,651,13
PH14,16:00,-,651,17
PH15,16:00,-,651,13
PH16,16:00,-,651,13
PH17,16:00,-,651,13
PH18,16:00,-,651,13
PH19,2 days,-,97,13
PH20,2 days,-,97,13
PH21,2 days,-,97,13
PH22,2 days,-,97,13
PH23,2 days,-,97,13
PH24,2 days,-,97,13
PH25,2 days,-,97,13
PH26,2 days,-,97,13
PH30,2 days,-,97,13
PH31,2 days,-,97,13
PH32,2 days,-,97,13
PH33,2 days,-,97,13
PH34,2 days,-,97,13
PH35,2 days,-,97,13
PH36,2 days,-,97,13
PH37,2 days,-,97,13
PH38,2 days,-,97,13
PH39,2 days,-,97,13
PH40,2 days,-,97,13
PH41,2 days,-,97,13
PH42,5 days,-,97,8
PH43,5 days,-,97,8
PH44,5 days,-,97,8
PH49,2 days,-,97,13
PH50,2 days,-,97,13
PL1 ,10:30,10:30,1,0
PL2 ,10:30,10:30,1,0
PL3 ,10:30,10:30,1,0
PL4 ,10:30,10:30,1,0
PL5 ,10:30,10:30,1,0
PL6 ,10:30,10:30,1,0
PL7 ,10:30,10:30,1,0
PL8 ,10:30,10:30,1,0
PL9 ,10:30,10:30,1,0
PL10,10:30,10:30,1,0
PL11,10:30,10:30,1,0
PL12,10:30,10:30,1,0
PL13,10:30,10:30,1,0
PL14,10:30,10:30,1,0
PL15,10:30,10:30,1,0
PL16,10:30,10:30,1,0
PL17,10:30,10:30,1,0
PL18,10:30,10:30,1,0
PL19,10:30,10:30,1,0
PL20,10:30,10:30,1,0
PL21,10:30,10:30,1,0
PL22,10:30,10:30,1,0
PL23,10:30,10:30,1,0
PL24,10:30,10:30,1,0
PL25,12:00,12:00,201,0
PL26,12:00,12:00,201,0
PL27,12:00,12:00,201,0
PL28,10:30,10:30,201,0
PL29,10:30,10:30,1,0
PL30,10:30,10:30,1,0
PL31,10:30,10:30,1,0
PL32,10:30,10:30,1,0
PL33,10:30,10:30,1,0
PL34,10:30,10:30,1,0
PL35,10:30,10:30,1,0
PO1 ,10:30,10:30,6,0
PO2 ,10:30,10:30,6,0
PO3 ,10:30,10:30,6,0
PO4 ,10:30,10:30,6,0
PO5 ,10:30,10:30,6,0
PO6 ,10:30,10:30,6,0
PO7 ,10:30,10:30,6,0
PO8 ,10:30,10:30,6,0
PO9 ,10:30,10:30,6,0
PO10,10:30,10:30,6,0
PO11,10:30,10:30,6,0
PO12,10:30,10:30,6,0
PO13,10:30,10:30,6,0
PO14,10:30,10:30,6,0
PO15,10:30,10:30,6,0
PO16,10:30,10:30,6,0
PO17,10:30,10:30,6,0
PO18,10:30,10:30,6,0
PO19,10:30,10:30,6,0
PO20,10:30,10:30,6,0
PO21,10:30,10:30,6,0
PO22,10:30,10:30,6,0
PO30,16:00,-,5,6
PO31,16:00,-,5,6
PO32,16:00,-,5,6
PO33,16:00,-,5,6
PO34,16:00,-,5,6
PO35,16:00,-,5,6
PO36,16:00,-,5,6
PO37,16:00,-,5,6
PO38,16:00,-,5,6
PO39,16:00,-,5,6
PO40,16:00,-,5,6
PO41,16:00,-,5,6
PR0 ,10:30,10:30,56,0
PR1 ,10:30,10:30,56,0
PR2 ,10:30,10:30,56,0
PR3 ,10:30,10:30,56,0
PR4 ,10:30,10:30,56,0
PR5 ,10:30,10:30,56,0
PR6 ,10:30,10:30,56,0
PR7 ,10:30,10:30,56,0
PR8 ,10:30,10:30,56,0
PR9 ,10:30,10:30,56,0
PR25,10:30,10:30,56,0
PR26,10:30,10:30,56,0
RG1 ,10:30,10:30,10,0
RG2 ,10:30,10:30,10,0
RG4 ,10:30,10:30,36,0
RG5 ,10:30,10:30,10,0
RG6 ,10:30,10:30,10,0
RG7 ,10:30,10:30,10,0
RG8 ,10:30,10:30,36,0
RG9 ,10:30,10:30,23,0
RG10,10:30,10:30,23,0
RG12,10:30,10:30,10,0
RG14,10:30,10:30,36,0
RG17,10:30,10:30,14,0
RG18,10:30,10:30,36,0
RG19,10:30,10:30,36,0
RG20,10:30,10:30,36,0
RG21,10:30,10:30,10,0
RG22,10:30,10:30,10,0
RG23,10:30,10:30,10,0
RG24,10:30,10:30,10,0
RG25,10:30,10:30,10,0
RG26,10:30,10:30,14,0
RG27,10:30,10:30,10,0
RG28,10:30,10:30,14,0
RG29,10:30,10:30,10,0
RG30,10:30,10:30,10,0
RG31,10:30,10:30,10,0
RG40,10:30,10:30,10,0
RG41,10:30,10:30,10,0
RG42,10:30,10:30,10,0
RG45,10:30,10:30,10,0
RH1 ,10:30,10:30,283,0
RH2 ,10:30,10:30,283,0
RH3 ,10:30,10:30,283,0
RH4 ,10:30,10:30,283,0
RH5 ,10:30,10:30,283,0
RH6 ,10:30,10:30,283,0
RH7 ,10:30,10:30,283,0
RH8 ,10:30,10:30,283,0
RH9 ,10:30,10:30,283,0
RH10,10:30,10:30,283,0
RH11,10:30,10:30,283,0
RH12,10:30,10:30,283,0
RH13,10:30,10:30,283,0
RH14,10:30,10:30,283,0
RH15,10:30,10:30,283,0
RH16,10:30,10:30,283,0
RH17,10:30,10:30,283,0
RH18,10:30,10:30,283,0
RH19,10:30,10:30,283,0
RH20,10:30,10:30,283,0
RM1 ,10:30,10:30,19,0
RM2 ,10:30,10:30,19,0
RM3 ,10:30,10:30,19,0
RM4 ,10:30,10:30,19,0
RM5 ,10:30,10:30,19,0
RM6 ,10:30,10:30,19,0
RM7 ,10:30,10:30,19,0
RM8 ,10:30,10:30,19,0
RM9 ,10:30,10:30,19,0
RM10,10:30,10:30,19,0
RM11,10:30,10:30,19,0
RM12,10:30,10:30,19,0
RM13,10:30,10:30,19,0
RM14,10:30,10:30,19,0
RM15,10:30,10:30,19,0
RM16,10:30,10:30,19,0
RM17,10:30,10:30,19,0
RM18,10:30,10:30,19,0
RM19,10:30,10:30,19,0
RM20,10:30,10:30,19,0
S1  ,10:30,10:30,48,0
S2  ,10:30,10:30,48,0
S3  ,10:30,10:30,48,0
S4  ,10:30,10:30,48,0
S5  ,10:30,10:30,48,0
S6  ,10:30,10:30,48,0
S7  ,10:30,10:30,48,0
S8  ,10:30,10:30,48,0
S9  ,10:30,10:30,48,0
S10 ,10:30,10:30,48,0
S11 ,10:30,10:30,48,0
S12 ,10:30,10:30,48,0
S13 ,10:30,10:30,48,0
S14 ,10:30,10:30,48,0
S17 ,10:30,10:30,48,0
S18 ,10:30,10:30,48,0
S19 ,10:30,10:30,48,0
S20 ,10:30,10:30,48,0
S21 ,10:30,10:30,48,0
S25 ,10:30,10:30,48,0
S26 ,10:30,10:30,48,0
S30 ,10:30,10:30,48,0
S31 ,10:30,10:30,48,0
S32 ,10:30,10:30,48,0
S33 ,10:30,10:30,48,0
S35 ,10:30,10:30,48,0
S36 ,10:30,10:30,48,0
S40 ,10:30,10:30,48,0
S41 ,10:30,10:30,48,0
S42 ,10:30,10:30,48,0
S43 ,10:30,10:30,48,0
S44 ,10:30,10:30,48,0
S45 ,10:30,10:30,48,0
S49 ,10:30,10:30,48,0
S60 ,10:30,10:30,48,0
S61 ,10:30,10:30,48,0
S62 ,10:30,10:30,48,0
S63 ,10:30,10:30,48,0
S64 ,10:30,10:30,48,0
S65 ,10:30,10:30,48,0
S66 ,10:30,10:30,48,0
S70 ,10:30,10:30,48,0
S71 ,10:30,10:30,48,0
S72 ,10:30,10:30,48,0
S73 ,10:30,10:30,48,0
S74 ,10:30,10:30,48,0
S75 ,10:30,10:30,48,0
S80 ,10:30,10:30,48,0
S81 ,10:30,10:30,48,0
S96 ,10:30,10:30,48,0
S97 ,10:30,10:30,48,0
S98 ,10:30,10:30,48,0
SA1 ,10:30,10:30,25,0
SA2 ,10:30,10:30,25,0
SA3 ,10:30,10:30,25,0
SA4 ,10:30,10:30,25,0
SA5 ,10:30,10:30,25,0
SA6 ,10:30,10:30,25,0
SA7 ,10:30,10:30,25,0
SA8 ,10:30,10:30,25,0
SA9 ,10:30,10:30,25,0
SA10,10:30,10:30,25,0
SA11,10:30,10:30,25,0
SA12,10:30,10:30,25,0
SA13,10:30,10:30,25,0
SA14,10:30,10:30,25,0
SA15,10:30,10:30,25,0
SA16,10:30,10:30,25,0
SA17,10:30,10:30,25,0
SA18,10:30,10:30,25,0
SA19,10:30,10:30,25,0
SA20,10:30,10:30,25,0
SA31,10:30,10:30,25,0
SA32,10:30,10:30,25,0
SA33,10:30,10:30,25,0
SA34,10:30,10:30,25,0
SA35,10:30,10:30,25,0
SA36,10:30,10:30,25,0
SA37,10:30,10:30,25,0
SA38,10:30,10:30,25,0
SA39,10:30,10:30,25,0
SA40,10:30,10:30,25,0
SA41,10:30,10:30,25,0
SA42,10:30,10:30,25,0
SA43,10:30,10:30,25,0
SA44,10:30,10:30,25,0
SA45,10:30,10:30,25,0
SA46,10:30,10:30,25,0
SA47,10:30,10:30,25,0
SA48,10:30,10:30,25,0
SA61,10:30,10:30,25,0
SA62,10:30,10:30,25,0
SA63,10:30,10:30,25,0
SA64,10:30,10:30,25,0
SA65,10:30,10:30,25,0
SA66,10:30,10:30,25,0
SA67,10:30,10:30,25,0
SA68,10:30,10:30,25,0
SA69,10:30,10:30,25,0
SA70,10:30,10:30,25,0
SA71,10:30,10:30,25,0
SA72,10:30,10:30,25,0
SA73,10:30,10:30,25,0
SA99,10:30,10:30,25,0
SE1 ,10:30,10:30,64,0
SE2 ,10:30,10:30,91,0
SE3 ,10:30,10:30,89,0
SE4 ,10:30,10:30,89,0
SE5 ,10:30,10:30,89,0
SE6 ,10:30,10:30,89,0
SE7 ,10:30,10:30,89,0
SE8 ,10:30,10:30,89,0
SE9 ,10:30,10:30,89,0
SE10,10:30,10:30,89,0
SE11,10:30,10:30,89,0
SE12,10:30,10:30,89,0
SE13,10:30,10:30,89,0
SE14,10:30,10:30,89,0
SE15,10:30,10:30,89,0
SE16,10:30,10:30,89,0
SE17,10:30,10:30,89,0
SE18,10:30,10:30,89,0
SE19,10:30,10:30,89,0
SE1P,10:30,10:30,64,0
SE20,10:30,10:30,89,0
SE21,10:30,10:30,89,0
SE22,10:30,10:30,89,0
SE23,10:30,10:30,89,0
SE24,10:30,10:30,89,0
SE25,10:30,10:30,89,0
SE26,10:30,10:30,89,0
SE27,10:30,10:30,89,0
SE28,10:30,10:30,91,0
SG1 ,10:30,10:30,31,0
SG2 ,10:30,10:30,31,0
SG3 ,10:30,10:30,31,0
SG4 ,10:30,10:30,31,0
SG5 ,10:30,10:30,31,0
SG6 ,10:30,10:30,31,0
SG7 ,10:30,10:30,31,0
SG8 ,10:30,10:30,31,0
SG9 ,10:30,10:30,31,0
SG10,10:30,10:30,31,0
SG11,10:30,10:30,31,0
SG12,10:30,10:30,31,0
SG13,10:30,10:30,31,0
SG14,10:30,10:30,31,0
SG15,10:30,10:30,31,0
SG16,10:30,10:30,31,0
SG17,10:30,10:30,31,0
SG18,10:30,10:30,31,0
SG19,10:30,10:30,31,0
SK1 ,10:30,10:30,47,0
SK2 ,10:30,10:30,47,0
SK3 ,10:30,10:30,47,0
SK4 ,10:30,10:30,47,0
SK5 ,10:30,10:30,47,0
SK6 ,10:30,10:30,47,0
SK7 ,10:30,10:30,47,0
SK8 ,10:30,10:30,47,0
SK9 ,10:30,10:30,47,0
SK10,10:30,10:30,47,0
SK11,10:30,10:30,47,0
SK12,10:30,10:30,47,0
SK13,10:30,10:30,47,0
SK14,10:30,10:30,47,0
SK15,10:30,10:30,47,0
SK16,10:30,10:30,47,0
SK17,10:30,10:30,47,0
SK22,10:30,10:30,47,0
SK23,10:30,10:30,47,0
SL0 ,10:30,10:30,16,0
SL1 ,10:30,10:30,16,0
SL2 ,10:30,10:30,16,0
SL3 ,10:30,10:30,16,0
SL4 ,10:30,10:30,16,0
SL5 ,10:30,10:30,16,0
SL6 ,10:30,10:30,16,0
SL7 ,10:30,10:30,16,0
SL8 ,10:30,10:30,16,0
SL9 ,10:30,10:30,16,0
SM1 ,10:30,10:30,265,0
SM2 ,10:30,10:30,265,0
SM3 ,10:30,10:30,265,0
SM4 ,10:30,10:30,265,0
SM5 ,10:30,10:30,265,0
SM6 ,10:30,10:30,265,0
SM7 ,10:30,10:30,265,0
SN1 ,10:30,10:30,14,0
SN2 ,10:30,10:30,14,0
SN3 ,10:30,10:30,14,0
SN4 ,10:30,10:30,14,0
SN5 ,10:30,10:30,14,0
SN6 ,10:30,10:30,14,0
SN7 ,10:30,10:30,36,0
SN8 ,10:30,10:30,14,0
SN9 ,10:30,10:30,14,0
SN10,10:30,10:30,14,0
SN11,10:30,10:30,14,0
SN12,10:30,10:30,14,0
SN13,10:30,10:30,14,0
SN14,10:30,10:30,14,0
SN15,10:30,10:30,14,0
SN16,10:30,10:30,14,0
SN25,10:30,10:30,14,0
SN26,10:30,10:30,14,0
SN38,10:30,10:30,14,0
SN99,10:30,10:30,14,0
SO14,10:30,10:30,5,0
SO15,10:30,10:30,5,0
SO16,10:30,10:30,5,0
SO17,10:30,10:30,6,0
SO18,10:30,10:30,6,0
SO19,10:30,10:30,6,0
SO20,10:30,10:30,5,0
SO21,10:30,10:30,6,0
SO22,10:30,10:30,6,0
SO23,10:30,10:30,6,0
SO24,10:30,10:30,6,0
SO30,10:30,10:30,6,0
SO31,10:30,10:30,6,0
SO32,10:30,10:30,6,0
SO40,10:30,10:30,5,0
SO41,10:30,10:30,5,0
SO42,10:30,10:30,5,0
SO43,10:30,10:30,5,0
SO45,10:30,10:30,5,0
SO50,10:30,10:30,6,0
SO51,10:30,10:30,5,0
SO52,10:30,10:30,6,0
SO53,10:30,10:30,6,0
SO97,10:30,10:30,6,0
SP1 ,10:30,10:30,9,0
SP2 ,10:30,10:30,9,0
SP3 ,10:30,10:30,9,0
SP4 ,10:30,10:30,9,0
SP5 ,10:30,10:30,9,0
SP6 ,10:30,10:30,299,0
SP7 ,16:00,16:00,299,0
SP8 ,16:00,16:00,299,0
SP9 ,10:30,10:30,9,0
SP10,10:30,10:30,9,0
SP11,10:30,10:30,9,0
SR1 ,10:30,10:30,60,0
SR2 ,10:30,10:30,60,0
SR3 ,10:30,10:30,60,0
SR4 ,10:30,10:30,60,0
SR5 ,10:30,10:30,60,0
SR6 ,10:30,10:30,60,0
SR7 ,10:30,10:30,60,0
SR8 ,10:30,10:30,60,0
SR9 ,10:30,10:30,60,0
SR43,10:30,10:30,60,0
SS0 ,10:30,10:30,219,0
SS1 ,10:30,10:30,219,0
SS2 ,10:30,10:30,219,0
SS3 ,10:30,10:30,219,0
SS4 ,10:30,10:30,219,0
SS5 ,10:30,10:30,219,0
SS6 ,10:30,10:30,219,0
SS7 ,10:30,10:30,219,0
SS8 ,10:30,10:30,219,0
SS9 ,10:30,10:30,219,0
SS11,10:30,10:30,219,0
SS12,10:30,10:30,219,0
SS13,10:30,10:30,219,0
SS14,10:30,10:30,219,0
SS15,10:30,10:30,219,0
SS16,10:30,10:30,219,0
SS17,10:30,10:30,219,0
SS99,10:30,10:30,219,0
ST1 ,10:30,10:30,46,0
ST2 ,10:30,10:30,46,0
ST3 ,10:30,10:30,46,0
ST4 ,10:30,10:30,46,0
ST5 ,10:30,10:30,46,0
ST6 ,10:30,10:30,46,0
ST7 ,10:30,10:30,46,0
ST8 ,10:30,10:30,46,0
ST9 ,10:30,10:30,46,0
ST10,10:30,10:30,46,0
ST11,10:30,10:30,46,0
ST12,10:30,10:30,46,0
ST13,10:30,10:30,46,0
ST14,10:30,10:30,46,0
ST15,10:30,10:30,46,0
ST16,10:30,10:30,44,0
ST17,10:30,10:30,44,0
ST18,10:30,10:30,44,0
ST19,10:30,10:30,44,0
ST20,10:30,10:30,44,0
ST21,10:30,10:30,46,0
SW2 ,10:30,10:30,265,0
SW3 ,10:30,10:30,81,0
SW4 ,10:30,10:30,265,0
SW5 ,10:30,10:30,81,0
SW6 ,10:30,10:30,81,0
SW7 ,10:30,10:30,81,0
SW8 ,10:30,10:30,265,0
SW9 ,10:30,10:30,265,0
SW10,10:30,10:30,81,0
SW11,10:30,10:30,265,0
SW12,10:30,10:30,265,0
SW13,10:30,10:30,265,0
SW14,10:30,10:30,265,0
SW15,10:30,10:30,265,0
SW16,10:30,10:30,89,0
SW17,10:30,10:30,265,0
SW18,10:30,10:30,265,0
SW19,10:30,10:30,265,0
SW1A,10:30,10:30,64,0
SW1E,10:30,10:30,64,0
SW1H,10:30,10:30,64,0
SW1P,10:30,10:30,64,0
SW1V,10:30,10:30,64,0
SW1W,10:30,10:30,64,0
SW1X,10:30,10:30,64,0
SW1Y,10:30,10:30,64,0
SW20,10:30,10:30,265,0
SW95,10:30,10:30,265,0
SY1 ,10:30,10:30,26,0
SY2 ,10:30,10:30,26,0
SY3 ,10:30,10:30,26,0
SY4 ,10:30,10:30,26,0
SY5 ,10:30,10:30,26,0
SY6 ,10:30,10:30,26,0
SY7 ,10:30,10:30,26,0
SY8 ,10:30,10:30,26,0
SY9 ,10:30,10:30,26,0
SY10,10:30,10:30,26,0
SY11,10:30,10:30,26,0
SY12,10:30,10:30,26,0
SY13,10:30,10:30,26,0
SY14,10:30,10:30,26,0
SY15,10:30,10:30,26,0
SY16,10:30,10:30,26,0
SY17,16:00,16:00,226,0
SY18,16:00,16:00,226,0
SY19,16:00,16:00,226,0
SY20,16:00,16:00,226,0
SY21,10:30,10:30,26,0
SY22,10:30,10:30,26,0
SY23,16:00,16:00,226,0
SY24,16:00,16:00,226,0
SY25,16:00,16:00,226,0
TA1 ,12:00,12:00,3,0
TA2 ,12:00,12:00,3,0
TA3 ,12:00,12:00,3,0
TA4 ,10:30,10:30,3,0
TA5 ,10:30,10:30,8,0
TA6 ,10:30,10:30,8,0
TA7 ,10:30,10:30,93,0
TA8 ,10:30,10:30,8,0
TA9 ,10:30,10:30,8,0
TA10,10:30,10:30,93,0
TA11,10:30,10:30,93,0
TA12,10:30,10:30,93,0
TA13,10:30,10:30,93,0
TA14,10:30,10:30,93,0
TA15,10:30,10:30,93,0
TA16,10:30,10:30,93,0
TA17,12:00,12:00,2,0
TA18,12:00,12:00,2,0
TA19,12:00,12:00,2,0
TA20,12:00,12:00,2,0
TA21,12:00,12:00,3,0
TA22,10:30,10:30,3,0
TA23,10:30,10:30,3,0
TA24,10:30,10:30,3,0
TD1 ,16:00,12:00,74,12
TD2 ,16:00,12:00,74,12
TD3 ,16:00,12:00,74,12
TD4 ,16:00,12:00,74,12
TD5 ,16:00,12:00,74,12
TD6 ,16:00,12:00,74,12
TD7 ,16:00,12:00,74,12
TD8 ,16:00,12:00,74,12
TD9 ,16:00,12:00,74,12
TD10,16:00,12:00,74,12
TD11,16:00,12:00,74,12
TD12,16:00,12:00,74,12
TD13,16:00,12:00,74,12
TD14,16:00,12:00,74,12
TD15,16:00,12:00,74,12
TF1 ,10:30,10:30,144,0
TF2 ,10:30,10:30,144,0
TF3 ,10:30,10:30,144,0
TF4 ,10:30,10:30,144,0
TF5 ,10:30,10:30,144,0
TF6 ,10:30,10:30,144,0
TF7 ,10:30,10:30,144,0
TF8 ,10:30,10:30,144,0
TF9 ,10:30,10:30,144,0
TF10,10:30,10:30,144,0
TF11,10:30,10:30,144,0
TF12,10:30,10:30,144,0
TF13,10:30,10:30,144,0
TN1 ,10:30,10:30,92,0
TN2 ,10:30,10:30,92,0
TN3 ,10:30,10:30,92,0
TN4 ,10:30,10:30,92,0
TN5 ,10:30,10:30,92,0
TN6 ,10:30,10:30,283,0
TN7 ,10:30,10:30,283,0
TN8 ,10:30,10:30,283,0
TN9 ,10:30,10:30,92,0
TN10,10:30,10:30,92,0
TN11,10:30,10:30,92,0
TN12,10:30,10:30,92,0
TN13,10:30,10:30,91,0
TN14,10:30,10:30,91,0
TN15,10:30,10:30,91,0
TN16,10:30,10:30,91,0
TN17,10:30,10:30,92,0
TN18,10:30,10:30,92,0
TN19,10:30,10:30,92,0
TN20,10:30,10:30,92,0
TN21,10:30,10:30,207,0
TN22,10:30,10:30,283,0
TN23,10:30,10:30,92,0
TN24,10:30,10:30,92,0
TN25,10:30,10:30,92,0
TN26,10:30,10:30,92,0
TN27,10:30,10:30,92,0
TN28,10:30,10:30,92,0
TN29,10:30,10:30,92,0
TN30,10:30,10:30,92,0
TN31,10:30,10:30,92,0
TN32,10:30,10:30,92,0
TN33,10:30,10:30,92,0
TN34,10:30,10:30,92,0
TN35,10:30,10:30,92,0
TN36,10:30,10:30,92,0
TN37,10:30,10:30,92,0
TN38,10:30,10:30,92,0
TN39,10:30,10:30,92,0
TN40,10:30,10:30,92,0
TQ1 ,16:00,16:00,1,0
TQ2 ,16:00,16:00,1,0
TQ3 ,16:00,16:00,1,0
TQ4 ,16:00,16:00,1,0
TQ5 ,16:00,16:00,1,0
TQ6 ,16:00,16:00,1,0
TQ7 ,16:00,16:00,1,0
TQ8 ,16:00,16:00,1,0
TQ9 ,16:00,16:00,1,0
TQ10,16:00,16:00,1,0
TQ11,16:00,16:00,1,0
TQ12,16:00,16:00,1,0
TQ13,16:00,16:00,1,0
TQ14,16:00,16:00,1,0
TR1 ,10:30,10:30,201,0
TR2 ,12:00,12:00,201,0
TR3 ,10:30,10:30,201,0
TR4 ,10:30,10:30,201,0
TR5 ,10:30,10:30,201,0
TR6 ,10:30,10:30,201,0
TR7 ,10:30,10:30,201,0
TR8 ,10:30,10:30,201,0
TR9 ,10:30,10:30,201,0
TR10,10:30,10:30,201,0
TR11,10:30,10:30,201,0
TR12,12:00,12:00,201,0
TR13,10:30,10:30,201,0
TR14,10:30,10:30,201,0
TR15,10:30,10:30,201,0
TR16,10:30,10:30,201,0
TR17,10:30,10:30,201,0
TR18,10:30,10:30,201,0
TR19,12:00,12:00,201,0
TR20,10:30,10:30,201,0
TR21,2 days,-,201,0
TR22,2 days,-,201,0
TR23,2 days,-,201,0
TR24,2 days,-,201,0
TR25,2 days,-,201,0
TR26,10:30,10:30,201,0
TR27,10:30,10:30,201,0
TR93,10:30,10:30,201,0
TS1 ,10:30,10:30,90,0
TS2 ,10:30,10:30,90,0
TS3 ,10:30,10:30,90,0
TS4 ,10:30,10:30,90,0
TS5 ,10:30,10:30,90,0
TS6 ,10:30,10:30,90,0
TS7 ,10:30,10:30,90,0
TS8 ,10:30,10:30,90,0
TS9 ,10:30,10:30,90,0
TS10,10:30,10:30,90,0
TS11,10:30,10:30,90,0
TS12,10:30,10:30,90,0
TS13,10:30,10:30,90,0
TS14,10:30,10:30,90,0
TS15,10:30,10:30,90,0
TS16,10:30,10:30,90,0
TS17,10:30,10:30,90,0
TS18,10:30,10:30,90,0
TS19,10:30,10:30,90,0
TS20,10:30,10:30,90,0
TS21,10:30,10:30,90,0
TS22,10:30,10:30,90,0
TS23,10:30,10:30,90,0
TS24,10:30,10:30,90,0
TS25,10:30,10:30,90,0
TS26,10:30,10:30,90,0
TS27,10:30,10:30,90,0
TS28,10:30,10:30,90,0
TS29,10:30,10:30,90,0
TW1 ,10:30,10:30,311,0
TW2 ,10:30,10:30,311,0
TW3 ,10:30,10:30,311,0
TW4 ,10:30,10:30,311,0
TW5 ,10:30,10:30,311,0
TW6 ,10:30,10:30,311,0
TW7 ,10:30,10:30,311,0
TW8 ,10:30,10:30,265,0
TW9 ,10:30,10:30,265,0
TW10,10:30,10:30,265,0
TW11,10:30,10:30,311,0
TW12,10:30,10:30,311,0
TW13,10:30,10:30,311,0
TW14,10:30,10:30,311,0
TW15,10:30,10:30,311,0
TW16,10:30,10:30,311,0
TW17,10:30,10:30,311,0
TW18,10:30,10:30,311,0
TW19,10:30,10:30,311,0
TW20,10:30,10:30,311,0
UB1 ,10:30,10:30,311,0
UB2 ,10:30,10:30,311,0
UB3 ,10:30,10:30,311,0
UB4 ,10:30,10:30,16,0
UB5 ,10:30,10:30,16,0
UB6 ,10:30,10:30,16,0
UB7 ,10:30,10:30,311,0
UB8 ,10:30,10:30,16,0
UB9 ,10:30,10:30,16,0
UB10,10:30,10:30,16,0
UB11,10:30,10:30,311,0
UB18,10:30,10:30,311,0
W2  ,10:30,10:30,81,0
W3  ,10:30,10:30,265,0
W4  ,10:30,10:30,265,0
W5  ,10:30,10:30,265,0
W6  ,10:30,10:30,265,0
W7  ,10:30,10:30,265,0
W8  ,10:30,10:30,81,0
W9  ,10:30,10:30,81,0
W10 ,10:30,10:30,81,0
W11 ,10:30,10:30,81,0
W12 ,10:30,10:30,265,0
W13 ,10:30,10:30,265,0
W14 ,10:30,10:30,81,0
W1A ,10:30,10:30,81,0
W1B ,10:30,10:30,81,0
W1C ,10:30,10:30,81,0
W1D ,10:30,10:30,81,0
W1E ,10:30,10:30,81,0
W1F ,10:30,10:30,81,0
W1G ,10:30,10:30,81,0
W1H ,10:30,10:30,81,0
W1J ,10:30,10:30,81,0
W1K ,10:30,10:30,81,0
W1M ,10:30,10:30,81,0
W1N ,10:30,10:30,81,0
W1P ,10:30,10:30,81,0
W1R ,10:30,10:30,81,0
W1S ,10:30,10:30,81,0
W1T ,10:30,10:30,81,0
W1U ,10:30,10:30,81,0
W1V ,10:30,10:30,81,0
W1W ,10:30,10:30,81,0
W1X ,10:30,10:30,81,0
W1Y ,10:30,10:30,81,0
WA1 ,10:30,10:30,52,0
WA2 ,10:30,10:30,52,0
WA3 ,10:30,10:30,52,0
WA4 ,10:30,10:30,46,0
WA5 ,10:30,10:30,52,0
WA6 ,10:30,10:30,46,0
WA7 ,10:30,10:30,46,0
WA8 ,10:30,10:30,52,0
WA9 ,10:30,10:30,52,0
WA10,10:30,10:30,52,0
WA11,10:30,10:30,52,0
WA12,10:30,10:30,52,0
WA13,10:30,10:30,53,0
WA14,10:30,10:30,53,0
WA15,10:30,10:30,53,0
WA16,10:30,10:30,53,0
WA88,10:30,10:30,52,0
WC1A,10:30,10:30,81,0
WC1B,10:30,10:30,81,0
WC1E,10:30,10:30,81,0
WC1H,10:30,10:30,81,0
WC1N,10:30,10:30,81,0
WC1R,10:30,10:30,81,0
WC1V,10:30,10:30,81,0
WC1X,10:30,10:30,81,0
WC2A,10:30,10:30,81,0
WC2B,10:30,10:30,81,0
WC2E,10:30,10:30,81,0
WC2H,10:30,10:30,81,0
WC2N,10:30,10:30,81,0
WC2R,10:30,10:30,81,0
WC99,10:30,10:30,81,0
WD1 ,10:30,10:30,23,0
WD2 ,10:30,10:30,23,0
WD3 ,10:30,10:30,23,0
WD4 ,10:30,10:30,23,0
WD5 ,10:30,10:30,23,0
WD6 ,10:30,10:30,23,0
WD7 ,10:30,10:30,23,0
WD17,10:30,10:30,23,0
WD18,10:30,10:30,23,0
WD19,10:30,10:30,23,0
WD23,10:30,10:30,23,0
WD24,10:30,10:30,23,0
WD25,10:30,10:30,23,0
WF1 ,10:30,10:30,279,0
WF2 ,10:30,10:30,279,0
WF3 ,10:30,10:30,279,0
WF4 ,10:30,10:30,279,0
WF5 ,10:30,10:30,279,0
WF6 ,10:30,10:30,279,0
WF7 ,10:30,10:30,279,0
WF8 ,10:30,10:30,279,0
WF9 ,10:30,10:30,279,0
WF10,10:30,10:30,279,0
WF11,10:30,10:30,279,0
WF12,10:30,10:30,279,0
WF13,10:30,10:30,279,0
WF14,10:30,10:30,279,0
WF15,10:30,10:30,279,0
WF16,10:30,10:30,279,0
WF17,10:30,10:30,279,0
WF90,10:30,10:30,279,0
WN1 ,10:30,10:30,80,0
WN2 ,10:30,10:30,80,0
WN3 ,10:30,10:30,80,0
WN4 ,10:30,10:30,80,0
WN5 ,10:30,10:30,80,0
WN6 ,10:30,10:30,80,0
WN7 ,10:30,10:30,80,0
WN8 ,10:30,10:30,80,0
WR1 ,10:30,10:30,87,0
WR2 ,10:30,10:30,87,0
WR3 ,10:30,10:30,87,0
WR4 ,10:30,10:30,87,0
WR5 ,10:30,10:30,87,0
WR6 ,10:30,10:30,87,0
WR7 ,10:30,10:30,87,0
WR8 ,10:30,10:30,87,0
WR9 ,10:30,10:30,87,0
WR10,10:30,10:30,87,0
WR11,10:30,10:30,87,0
WR12,10:30,10:30,87,0
WR13,10:30,10:30,87,0
WR14,10:30,10:30,87,0
WR15,10:30,10:30,87,0
WR78,10:30,10:30,87,0
WR99,10:30,10:30,87,0
WS1 ,10:30,10:30,44,0
WS2 ,10:30,10:30,44,0
WS3 ,10:30,10:30,44,0
WS4 ,10:30,10:30,44,0
WS5 ,10:30,10:30,44,0
WS6 ,10:30,10:30,44,0
WS7 ,10:30,10:30,44,0
WS8 ,10:30,10:30,44,0
WS9 ,10:30,10:30,44,0
WS10,10:30,10:30,44,0
WS11,10:30,10:30,44,0
WS12,10:30,10:30,44,0
WS13,10:30,10:30,44,0
WS14,10:30,10:30,44,0
WS15,10:30,10:30,44,0
WV1 ,10:30,10:30,44,0
WV2 ,10:30,10:30,44,0
WV3 ,10:30,10:30,44,0
WV4 ,10:30,10:30,44,0
WV5 ,10:30,10:30,44,0
WV6 ,10:30,10:30,44,0
WV7 ,10:30,10:30,44,0
WV8 ,10:30,10:30,44,0
WV9 ,10:30,10:30,44,0
WV10,10:30,10:30,44,0
WV11,10:30,10:30,44,0
WV12,10:30,10:30,44,0
WV13,10:30,10:30,44,0
WV14,10:30,10:30,44,0
WV15,10:30,10:30,44,0
WV16,10:30,10:30,44,0
WV98,10:30,10:30,44,0
YO1 ,10:30,10:30,254,0
YO7 ,10:30,10:30,254,0
YO8 ,10:30,10:30,254,0
YO10,10:30,10:30,254,0
YO11,10:30,10:30,54,0
YO12,10:30,10:30,54,0
YO13,10:30,10:30,54,0
YO14,10:30,10:30,54,0
YO15,10:30,10:30,54,0
YO16,10:30,10:30,54,0
YO17,10:30,10:30,54,0
YO18,10:30,10:30,54,0
YO19,10:30,10:30,254,0
YO21,10:30,10:30,54,0
YO22,10:30,10:30,54,0
YO23,10:30,10:30,254,0
YO24,10:30,10:30,254,0
YO25,10:30,10:30,54,0
YO26,10:30,10:30,254,0
YO30,10:30,10:30,254,0
YO31,10:30,10:30,254,0
YO32,10:30,10:30,254,0
YO41,10:30,10:30,254,0
YO42,10:30,10:30,254,0
YO43,10:30,10:30,254,0
YO51,10:30,10:30,254,0
YO60,10:30,10:30,54,0
YO61,10:30,10:30,254,0
YO62,10:30,10:30,54,0
YO90,10:30,10:30,254,0
YO91,10:30,10:30,254,0
ZE1 ,5 days,-,296,8
ZE2 ,5 days,-,296,8
ZE3 ,5 days,-,296,8
ZZ1 ,10:30,10:30,100,0
ZZ2 ,12:00,12:00,102,0
ZZ3 ,16:00,16:00,100,0
